,checkpoint,checkpoint_min,position,is_home,formation,last15_distance,last15_mean_max_speed,last15_shots,cumul_distance,cumul_mean_max_speed,cumul_peak_speed,cumul_in_game_time,last_15_received_succ,last_15_received_unsucc,cumul_received_succ,cumul_received_unsucc,last_15_pressured_succ,last_15_pressured_unsucc,cumul_times_pressured,cumul_pressured_succ,last_15_pressured_success_rate,cumul_pressured_success_rate,last_15_pressures_applied,last_15_pressures_won,cumul_pressures_applied,cumul_pressures_won,cumul_pressures_lost,last_15_pressure_success_rate,cumul_pressure_success_rate,last15_bottom_sprint_count,top_sprint_distance,possessions_with_2plus_runs,possessions_with_sprint_and_hsr,cumul_unique_run_possessions,cumul_top_run_share,cumul_bottom_run_share,cumul_bottom_sprint_share,last15_top_run_share,last15_top_sprint_share,distance_per_run,distance_per_possession,top_distance_share,sprint_distance_share,avg_top_sprint_distance,share_of_possessions_with_top_run,last_15_shots_total,last_15_shots_special,last_15_shots_set_play,last_15_shots_blocked,last_15_shots_under_pressure,cumul_shots_total,cumul_shots_special,cumul_shots_set_play,cumul_shots_blocked,cumul_shots_under_pressure,last_15_shots_under_pressure_rate,cumul_shots_under_pressure_rate
checkpoint,1.0,0.21467700264671086,-0.0013781898240032425,0.0027423123825181983,2.7910663823207143e-05,-0.10369054938778484,-0.00826919921446471,0.046078695258420316,0.45458603876873666,0.06754974608448698,0.2428338927287597,0.745901061776104,-0.09124869377318502,-0.009131125634633011,0.40162550383717843,0.34849271020043576,-0.22806338313360858,-0.161992363582575,0.3585822073940042,0.3188686590816305,-0.1290164933553436,-0.005516998161457408,-0.2137415796211797,-0.14927173698768373,0.30005385748495,0.33385098531639285,0.22715980610620762,-0.04716464837910043,0.03956168205341433,-0.09171981280612844,-0.028189671542226572,-0.10240124870903654,-0.08672026613096027,0.05395342909574309,-0.0029127459184573098,0.04287234017766709,0.07728132707864939,-0.018379342574090116,-0.014480576467039428,0.010130945316471143,-0.08155381243926117,-0.014778055672211339,-0.018620979477074102,-0.025706556669142233,-0.0396345202279109,0.04239997083175376,0.006057223036510909,0.04465436841838388,-0.008509292670763363,0.04115055449356075,0.21927045965594505,0.07765584440630491,0.1493898708250434,0.10090955943271382,0.1947824080326373,0.04160441715867737,0.1841904395648088
checkpoint_min,0.21467700264671086,1.0,0.004224199214368156,-0.0004329862995108587,-0.005332942807991608,-0.1578583714255676,-0.008434422774607743,0.005156215925331963,0.14978881936156926,0.024837430908180008,0.10126544298334239,0.21553932333123343,-0.03570153445654245,-0.04302844058702646,0.16425338607393608,0.1034649879448568,-0.015867660518199666,0.0027414039423084464,0.16715535593932382,0.14985135026235535,-0.026560869432038465,0.01119403875025151,-0.006949937150286258,-0.016443322462961117,0.15191773481358503,0.14424091196661432,0.12824436714724324,-0.025547113609386076,0.026944891196429926,-0.06964511332660447,-0.07115125020730757,-0.07806522346139466,-0.07326644890265058,0.04611900173352724,-0.0017249278097567736,0.01610189241438904,0.04576206307867824,-0.04478483625945571,-0.0678337768987327,-0.009537109156634568,-0.14412382445429073,-0.04104704451378987,-0.008040148658613893,-0.06400407523491304,-0.07617073516598563,0.006970427535902655,-0.038039920655185536,0.024269803981626092,-0.011480025260927392,-0.01024746970704048,0.06791813356888773,0.017586471598288616,0.032891785277051694,0.03315561177080754,0.05220311083560053,-0.009631727957589988,0.054978098545185365
position,-0.0013781898240032425,0.004224199214368156,1.0,0.02817944276151701,-0.06480665473641228,0.010106455978568525,-0.13746241904621365,-0.0428440704181214,0.009670428384061739,-0.16964436282033726,-0.11080602185955961,-0.0014556455079026685,0.048685203685796534,0.0001635173373298746,0.021355048012350154,0.0039751036834087825,0.12090208208430064,0.021169513447326323,0.0727470394702326,0.12527313552623137,0.0600827872573913,0.09992167805568383,0.052265679150780404,0.0454020338995406,0.03912547016951387,0.02406788640235781,0.05894118998273657,0.00841897256283484,-0.07986077165934673,0.012603683533827265,-0.09962455552431074,-0.025356517758779916,-0.06137397470585472,-0.05069934382490408,-0.07085235092909448,0.035318992826621536,-0.01266219993974122,-0.07208152300723117,-0.09455898141041062,-0.008715496311507257,0.005311851692703869,-0.08016948432372134,-0.11085852095850164,-0.0926207700873616,-0.03984302206173,-0.047620638168458185,-0.04557183961250069,-0.04024434093791805,-0.008106797390225243,-0.04744323802245711,-0.05876753128936547,-0.08613359656139202,-0.04537623245756747,0.007037045480034789,-0.08760981447868016,-0.047775505617318026,-0.0886515509741646
is_home,0.0027423123825181983,-0.0004329862995108587,0.02817944276151701,1.0,0.03963944065647317,0.0018668859093982782,-0.02085449756243297,0.021897115195042147,0.00043274352346974626,-0.02447280200929827,-0.02055843193024881,-0.012377660993093852,-0.020344560623970342,-0.0008608342504844042,-0.03215595405648832,-0.01491076070750855,-0.01108777791531345,0.03836870051282498,-0.0015259859198324763,-0.03304742858105699,-0.024044574097188666,-0.05683213277037094,-0.00812870130540015,-0.03212860061874574,-0.006313031330655078,-0.05327235583139779,0.024115588206576135,-0.03307026661081128,-0.051438534263388236,-0.02532766938499698,-0.000555130501288843,-0.027343506422887066,-0.03075970906384845,-0.007954190351443707,0.005388466463380532,0.0036046160348901747,-0.020285226393913353,0.005482992028612985,-0.007628865316504867,-0.0016748064947901486,0.003349612989580297,0.00890999424447155,-0.021667390501418998,-0.0024838774306814785,0.013444011022240198,0.016450470511020766,0.013625077190970633,0.01814948466187199,-0.005966160253258395,0.023231642572251698,0.0047742472795126835,0.022776963646974246,0.0119497796333113,-0.005180959978505362,0.031662915824174215,0.024395040543381166,0.034787496001153585
formation,2.7910663823207143e-05,-0.005332942807991608,-0.06480665473641228,0.03963944065647317,1.0,0.052661429553872985,-0.02572413709493143,0.021865606842421184,0.05452422650347096,-0.030495121445693475,-0.033089205856086684,-0.011785561594561303,0.04485405479641191,0.07446910970132763,0.07246385459428528,0.06941009710045495,0.03636493231881087,0.014270597990844873,0.04006562382607907,0.06369546646690333,0.01859976552577785,0.04221825562773863,-0.008627526697010625,0.024449611262078976,0.017488602335125992,0.05287923612642365,-0.011897561396463453,0.005870561985508147,0.017113250632214555,-0.06201171904164284,0.023020412951645523,0.023194025421531872,-0.02917115727508098,-0.010632023552843518,-0.0026446645537421824,-0.052676911105859044,-0.10808345322373919,-0.007166126764089198,0.018018087682973447,0.03357707556206159,0.03315626952230261,-0.0034754838010672253,-0.02084456514742527,0.028771974347370083,-0.027392675659256023,0.0185464981319118,0.0074030895400549485,0.009973944175068635,0.013000683913647244,0.01183219965869391,0.0033327823242117107,0.011351603197246608,0.018441584398866083,0.013758054731680333,-0.012697696171615747,0.011397587416211729,-0.01934923701469766
last15_distance,-0.10369054938778484,-0.1578583714255676,0.010106455978568525,0.0018668859093982782,0.052661429553872985,1.0,0.42120563195324007,0.1315707770367402,0.5543829111495642,0.22676512237436783,0.34180825222227484,-0.08736858352016759,0.19914691937740964,-0.07352518080120593,0.09601154403342255,-0.16039830084639412,0.28092203159879675,0.30424773336036065,0.27387900868778997,0.2304726827306867,0.18444483397008132,0.07601160410039061,0.42845763227000866,0.30476764046594845,0.37093374001339585,0.2870067465810162,0.38830001705462985,0.2221357036370671,0.15348329928680313,0.29546911586475094,0.47213207458701895,0.6824946104165824,0.6383357057466459,0.45154074309403786,0.404810252487263,-0.06462997015054181,0.08751405843047078,0.4110310529235359,0.40996801172932246,0.5641440664704299,0.9414151406099458,0.4095497581004202,0.4443325924798342,0.4591692407476405,0.5127275292042426,0.13336058108819637,0.053855479128126306,0.027545131763155383,0.08587749877342142,0.11612929704224725,0.17889147369385341,0.0630492211882775,0.02399706693379266,0.11454064058668642,0.15749639785679082,0.11518352225469641,0.1569418902196719
last15_mean_max_speed,-0.00826919921446471,-0.008434422774607743,-0.13746241904621365,-0.02085449756243297,-0.02572413709493143,0.42120563195324007,1.0,0.08397285392412782,0.261376326519036,0.6547321837838183,0.5032030514233209,-0.03063525746906146,0.1187297671015585,-0.0162002094884077,0.09235320462732366,-0.04632189048204633,0.11880586108294305,0.17158449803141917,0.1733776213118656,0.1481305494125463,0.08252828648703278,0.05281628377738728,0.18755626916582374,0.15564894576419622,0.19343850737691357,0.18652723411481906,0.17387516294911742,0.14207802337934639,0.17046732639150824,0.40217815540451296,0.3876489631550159,0.3183281722606697,0.6509933746280246,0.31389739098916064,0.22135972301066292,0.06648432073364234,0.18026997379170737,0.2192579272072098,0.3293979112271151,0.4200617118880565,0.4252556883467465,0.2269998485810266,0.7971869468837384,0.379803802512971,0.23636434844424825,0.08476986822716344,0.03440518579437614,0.033002932781131915,0.07236341893570478,0.0695949871148621,0.12755190098682945,0.04577489029719858,0.025818943327006103,0.10622940585365155,0.10929961238534086,0.06898052976665435,0.10690646940769229
last15_shots,0.046078695258420316,0.005156215925331963,-0.0428440704181214,0.021897115195042147,0.021865606842421184,0.1315707770367402,0.08397285392412782,1.0,0.13045074690475303,0.056062713389113214,0.10029429603044512,0.02287097778416683,0.1495589781470162,-0.08388950225787085,0.1003486351378121,-0.08993745123088198,0.08115424172120844,0.1488395787311902,0.15514000534463337,0.1169800864925275,0.020690618788560038,-0.009018671631020736,0.10737613976220206,0.06503401917745867,0.1490375422809749,0.11083998197829895,0.153378738904836,0.04271695131207514,0.02186468659346529,-0.040287479176346265,0.15342145137986915,0.14840429419079926,0.130937118554641,0.1290336423047303,0.24198020368162448,-0.14362577585007233,-0.08264394772178135,0.21762272914791017,0.14805784818392903,0.07989206430003748,0.11025402365770093,0.21057001256766186,0.09447445398402356,0.14769201715209757,0.15580575326008517,0.9920130990013855,0.3565507990177088,0.4839150257329174,0.537012361059341,0.8687677384434488,0.6559563456579588,0.30278298114894836,0.3445228228683272,0.37840259563962636,0.5836715247311339,0.8671046704730593,0.5704872403131891
cumul_distance,0.45458603876873666,0.14978881936156926,0.009670428384061739,0.00043274352346974626,0.05452422650347096,0.5543829111495642,0.261376326519036,0.13045074690475303,1.0,0.2132216584413582,0.5345735114820365,0.6153658125690623,0.1585931542644371,-0.03959601766084992,0.5479936717421142,0.20205469246547966,0.13510176934836854,0.17407247427790737,0.7026202761890745,0.6280908449667637,0.11638449669711196,0.11085554745173022,0.26069266427754834,0.21502938618555684,0.7454167912162813,0.6958760925628517,0.6719103698116963,0.20599817581251256,0.2504141951831518,0.12258642878360926,0.2494824480272986,0.4156227977201055,0.34658528774397723,0.4904419437985615,0.3294496587360981,0.04166043588636718,0.22954946445055924,0.2827612416741368,0.22664966309151957,0.39625363861030716,0.5303370223362942,0.2871994925071029,0.2760988714611346,0.2451743930623708,0.3155200798099807,0.12720516528105813,0.02799332480843107,0.04842750451553263,0.06582852807700332,0.0999940205878933,0.3578268288109805,0.12299463450211506,0.14946740748827828,0.21441572920979413,0.3054877209013731,0.09908792162041213,0.2907755738431705
cumul_mean_max_speed,0.06754974608448698,0.024837430908180008,-0.16964436282033726,-0.02447280200929827,-0.030495121445693475,0.22676512237436783,0.6547321837838183,0.056062713389113214,0.2132216584413582,1.0,0.6288257359233969,0.07087087825562827,-0.012284636624299298,-0.019067194613912226,0.01240168759936871,0.0032175355733990918,0.0005524105162444998,0.07700060286910505,0.09004133263075563,0.05347620879305552,-0.01613171940414888,-0.02861713006259756,0.06376888387052937,0.05354658695574522,0.0947235027726657,0.09580173333570656,0.07971027694027152,0.03698313354640219,0.05236790381497556,0.2411643367280575,0.2869705563613499,0.12629001590104125,0.40671274973927923,0.19692515617426504,0.11598313107197063,0.09995174932567713,0.1661261246159443,0.10612848184149862,0.2347549452875159,0.22480528087063253,0.22495926083934614,0.11641814511198229,0.5208593278679556,0.27808412138409994,0.09529825029750852,0.05826183532143216,0.021863077537377363,0.018513965153222102,0.055802464922884994,0.028914862354333302,0.09251314000508826,0.04056886761412418,0.0036778689069522966,0.09938863123278269,0.0705769973177109,0.027627683985236264,0.06276320072377733
cumul_peak_speed,0.2428338927287597,0.10126544298334239,-0.11080602185955961,-0.02055843193024881,-0.033089205856086684,0.34180825222227484,0.5032030514233209,0.10029429603044512,0.5345735114820365,0.6288257359233969,1.0,0.3430892736855996,0.08918160503221777,-0.03583463740876456,0.2908602570680231,0.10031662890745925,0.10346630008437997,0.1706319190754178,0.4332865329428075,0.36978305116446974,0.0644079311333702,0.052713901412642976,0.19693339164171403,0.1542333560598716,0.44391860933050303,0.4158710494075746,0.39594414811848716,0.1354544213499837,0.180872771770088,0.1932674399000034,0.28959352651255793,0.2904326407930306,0.4079486988980857,0.41987396179726316,0.23952965179792948,0.08230513971884906,0.21504845933127192,0.19966417852980042,0.24878535106003874,0.28066307434962473,0.32479402805530994,0.20761783409058107,0.5045203534562107,0.2917161932968551,0.2103534605692301,0.09976949200822896,0.0424482200764826,0.04333079697294378,0.05689131941106846,0.07956201442947013,0.2325271115336426,0.11641848538804503,0.08461073048425288,0.1543869129421302,0.20048711977267297,0.07820993227616158,0.19022943141245183
cumul_in_game_time,0.745901061776104,0.21553932333123343,-0.0014556455079026685,-0.012377660993093852,-0.011785561594561303,-0.08736858352016759,-0.03063525746906146,0.02287097778416683,0.6153658125690623,0.07087087825562827,0.3430892736855996,1.0,-0.010523909674915805,0.058782422536337975,0.5857935542915399,0.5004544745027212,-0.1404074403533816,-0.1112520878239879,0.5610905265145701,0.516847729291794,-0.06969784328513108,0.086481297175144,-0.1400877285723836,-0.06555408269647979,0.48123824561428197,0.5217848703447724,0.37310161955166987,0.011686854605562454,0.135681846732277,-0.05039907239381942,-0.06973272949709278,-0.08299594949854706,-0.07721224977335328,0.10763207842200566,-0.06499925958474803,0.1439655018016842,0.18671593855324795,-0.08643626022362817,-0.06243460932641568,-0.017457644512303333,-0.06708442067028272,-0.08236717071151278,-0.031128829524051042,-0.06811558449156493,-0.08055639588934863,0.017976424858106885,-0.004481793726942647,0.033835663490533546,-0.0027656996174074875,0.011102495038794926,0.24578899696125525,0.09265377411693722,0.16823758617234347,0.13976926860452943,0.21040600557693054,0.01065320843548558,0.19307575606509036
last_15_received_succ,-0.09124869377318502,-0.03570153445654245,0.048685203685796534,-0.020344560623970342,0.04485405479641191,0.19914691937740964,0.1187297671015585,0.1495589781470162,0.1585931542644371,-0.012284636624299298,0.08918160503221777,-0.010523909674915805,1.0,0.05129900647797179,0.654906045939576,0.05083125806481084,0.4948481190240934,0.26542152933682994,0.3577839707414366,0.4039484927614026,0.34270857618967415,0.2903992422680519,0.06657367313525181,0.1328544049083569,0.088857674331198,0.1629254497516835,0.03431025487616801,0.20905967082053442,0.31916853175449517,0.0926557333183812,0.06254081505752676,0.22492108913530706,0.1554737088886342,0.27454624193006805,0.18268596790400876,0.06480903900039346,0.11992580171397997,0.19849300898363276,0.07555226655951285,0.17871872632967017,0.19704085426172777,0.16596768339465748,0.1376914636961023,0.0650493317914065,0.18378668439556678,0.14686145657837857,0.029142201160432105,0.08140201537079712,0.0756787990984304,0.13644596471561993,0.12311296943142572,-0.004346907511297089,0.06940609738767708,0.04660781108047933,0.11081877799936293,0.13556480314669242,0.11136197254520151
last_15_received_unsucc,-0.009131125634633011,-0.04302844058702646,0.0001635173373298746,-0.0008608342504844042,0.07446910970132763,-0.07352518080120593,-0.0162002094884077,-0.08388950225787085,-0.03959601766084992,-0.019067194613912226,-0.03583463740876456,0.058782422536337975,0.05129900647797179,1.0,0.10782719265550224,0.6453179523905413,0.0018445942771918346,-0.005942668522361403,0.010732695278131504,0.038279689705641835,0.017817609681920893,0.07958356257175093,-0.026264649805436392,0.039914147483296865,-0.03138342834924986,0.0447342195320512,-0.08021851180717424,0.06310078663952812,0.14355950121008954,0.09086577818539027,-0.13343198572106515,-0.05158459041174042,-0.02573264888812694,0.008263726210746333,-0.195303718590594,0.22912116408442873,0.16476379700440913,-0.18186076129180037,-0.12425870109191837,-0.02759815689199861,-0.060318907612997026,-0.18786117023333374,-0.021712340498363687,-0.1270750945884773,-0.13670209095527477,-0.08472477467631152,-0.02112029047668187,-0.003087796329527679,-0.0831126019210193,-0.08347187870650485,-0.10124657854848788,-0.061099390042941494,-0.0059930005052690125,-0.0983167216994065,-0.11653153519159634,-0.08282422021377134,-0.11067228372795321
cumul_received_succ,0.40162550383717843,0.16425338607393608,0.021355048012350154,-0.03215595405648832,0.07246385459428528,0.09601154403342255,0.09235320462732366,0.1003486351378121,0.5479936717421142,0.01240168759936871,0.2908602570680231,0.5857935542915399,0.654906045939576,0.10782719265550224,1.0,0.3785447432619996,0.2520763266056887,0.09736857856614041,0.6854666378744898,0.7111326991877795,0.22389173123905637,0.32635402023480314,-0.019626892432774365,0.0788238230049807,0.40010023458420624,0.49261917381437953,0.2774525011986118,0.20311558643258254,0.41305378658623015,0.05886494740760556,-0.017635571921267947,0.12520778996609994,0.06875960038791053,0.35704626804517264,0.11745619438803563,0.18297444105395982,0.2634947654163319,0.0931366463294844,-0.0020509707001165026,0.1870844378762996,0.12225197968441101,0.07325895606994176,0.09613809796714795,-0.013162302786455894,0.09114032643136113,0.0944274639970057,-0.0035769160886889415,0.06840427086662816,0.04252338756147374,0.0806458206718424,0.24119576113600324,0.0381752458971739,0.1648781876054294,0.12291683142864095,0.21156275848124528,0.07994274666499758,0.20087957729067013
cumul_received_unsucc,0.34849271020043576,0.1034649879448568,0.0039751036834087825,-0.01491076070750855,0.06941009710045495,-0.16039830084639412,-0.04632189048204633,-0.08993745123088198,0.20205469246547966,0.0032175355733990918,0.10031662890745925,0.5004544745027212,0.05083125806481084,0.6453179523905413,0.3785447432619996,1.0,-0.09058915288461519,-0.11188810067482784,0.2395051682332949,0.26565209020403446,-0.02000878188087832,0.1289220590975622,-0.13689615569727284,-0.02526414536977083,0.14252576671696748,0.25557744598301224,0.03909706801995315,0.05623689487001814,0.220718276163443,0.0689438525676496,-0.19280342728168318,-0.12567155351000417,-0.10424241923578835,0.047115653940709365,-0.2631989436862991,0.32685663937919296,0.28613858882434867,-0.23469034655711624,-0.1783114058421604,-0.048286755981626225,-0.12589571314749057,-0.2320389269394865,-0.056084928547716496,-0.18407409146574286,-0.19893822304226585,-0.09296419133007722,-0.035705603220295305,0.034087320987051244,-0.0938863982306595,-0.08683739193421301,-0.03491600224354283,-0.02530485189912543,0.09558473608686555,-0.09814224657790259,-0.06332534272674797,-0.08634062840129425,-0.06427371979590678
last_15_pressured_succ,-0.22806338313360858,-0.015867660518199666,0.12090208208430064,-0.01108777791531345,0.03636493231881087,0.28092203159879675,0.11880586108294305,0.08115424172120844,0.13510176934836854,0.0005524105162444998,0.10346630008437997,-0.1404074403533816,0.4948481190240934,0.0018445942771918346,0.2520763266056887,-0.09058915288461519,1.0,0.33031335309425996,0.4278933017289153,0.5295149522829603,0.7571366395335226,0.4559483190390008,0.26592794432339406,0.24838888664482947,0.1875228081775951,0.1854972217751864,0.17354892611314715,0.21036810045984267,0.21422474436215153,0.09765833295487023,0.10767078964426947,0.33156964060699307,0.2137720030815234,0.29523149947733396,0.21826916441821378,-0.007994290284991573,0.05666679583301707,0.2035135563467205,0.09718498105597524,0.19399912307188305,0.2462447217879972,0.18908450729961968,0.14497608106412865,0.1112182848806968,0.2061317240007469,0.08249867222646132,0.003163593852088833,0.03212072843558135,0.04382697319328911,0.06748344760654006,0.08816607494217786,-0.01868107561277568,0.01768251570447642,0.04354176621745757,0.07020814744329534,0.06774836162719419,0.07111491589784866
last_15_pressured_unsucc,-0.161992363582575,0.0027414039423084464,0.021169513447326323,0.03836870051282498,0.014270597990844873,0.30424773336036065,0.17158449803141917,0.1488395787311902,0.17407247427790737,0.07700060286910505,0.1706319190754178,-0.1112520878239879,0.26542152933682994,-0.005942668522361403,0.09736857856614041,-0.11188810067482784,0.33031335309425996,1.0,0.4093790716585415,0.22904947600281855,-0.15798649737931042,-0.23775152948097525,0.3702899718991157,0.2781667202781943,0.2822743986046965,0.21479608136103984,0.3009772947278865,0.1760318181711046,0.0821149955021613,0.028489702770187655,0.24005123101914536,0.36600569157117263,0.2624514477856393,0.29225303844695427,0.33043327684764473,-0.1457386954556185,-0.05528395089204496,0.3114429404331959,0.23921146976869126,0.151229541203831,0.2477902776070527,0.30467427069266245,0.18824807486151063,0.2421505654229155,0.2735848066039695,0.15330807119061546,0.03999499653917767,0.012974861202764181,0.0885021519665662,0.15379084102975604,0.16009127006498383,0.04231567577036492,0.02258712859179222,0.14006992739485033,0.1657365683089047,0.15361613442202066,0.16231279556810138
cumul_times_pressured,0.3585822073940042,0.16715535593932382,0.0727470394702326,-0.0015259859198324763,0.04006562382607907,0.27387900868778997,0.1733776213118656,0.15514000534463337,0.7026202761890745,0.09004133263075563,0.4332865329428075,0.5610905265145701,0.3577839707414366,0.010732695278131504,0.6854666378744898,0.2395051682332949,0.4278933017289153,0.4093790716585415,1.0,0.9229492350595426,0.23256744160875062,0.21085232747338087,0.24978384461790562,0.2324866950254827,0.695243661712578,0.6811639016822325,0.6065230342074818,0.2350500880214559,0.3079490590688458,0.04393629488899391,0.15670228348533355,0.33552472168446973,0.23040345972518222,0.4575015952488476,0.29786751460752836,0.009361410327468187,0.15262516851779662,0.24954782274541615,0.15639753643672696,0.24499433145993899,0.2493846977168799,0.23812755641941163,0.19434472854075713,0.16056817324005396,0.23366488547739872,0.1524978665029174,0.0148094207546305,0.06690613025157896,0.07615552575668304,0.132637745921563,0.35432376454708053,0.09045810624533884,0.17588907163622833,0.22826434360345316,0.31224959493359544,0.13215880376464,0.29632967452609454
cumul_pressured_succ,0.3188686590816305,0.14985135026235535,0.12527313552623137,-0.03304742858105699,0.06369546646690333,0.2304726827306867,0.1481305494125463,0.1169800864925275,0.6280908449667637,0.05347620879305552,0.36978305116446974,0.516847729291794,0.4039484927614026,0.038279689705641835,0.7111326991877795,0.26565209020403446,0.5295149522829603,0.22904947600281855,0.9229492350595426,1.0,0.39710806641673313,0.5030580940983217,0.1802843546697594,0.20304109064360154,0.5861904799679737,0.6164860603718529,0.48322958229683405,0.23849539325076713,0.3579224923103146,0.0767623765915791,0.08202820979302668,0.2849363384483041,0.18667373978997187,0.42413677665678584,0.19854567838483134,0.09511655762576446,0.20508279282444708,0.16649065164889518,0.0792518223350868,0.23752356966621144,0.2178032563985145,0.1552047450819467,0.16386505215804537,0.08750417492567784,0.16784582082872843,0.1129877254784681,-0.0028562462280370677,0.06695102486492106,0.05547181893969189,0.09025731200421311,0.2779128475999616,0.04275476732311641,0.1672228997249544,0.16798960370626795,0.23215434244493352,0.08996820698377436,0.2179702037599442
last_15_pressured_success_rate,-0.1290164933553436,-0.026560869432038465,0.0600827872573913,-0.024044574097188666,0.01859976552577785,0.18444483397008132,0.08252828648703278,0.020690618788560038,0.11638449669711196,-0.01613171940414888,0.0644079311333702,-0.06969784328513108,0.34270857618967415,0.017817609681920893,0.22389173123905637,-0.02000878188087832,0.7571366395335226,-0.15798649737931042,0.23256744160875062,0.39710806641673313,1.0,0.6248208089301963,0.11865331711691239,0.13624771434769886,0.12135908446375238,0.14347940065946402,0.09071750763231214,0.15964744645844456,0.2221467350519419,0.0947089413815396,0.019135410142245866,0.2122763998743118,0.1254695456877027,0.24665509101272715,0.10473458413286443,0.07877646828681151,0.11008977595094419,0.09094266533383255,0.007142709379232088,0.16425852804566196,0.18010493168494845,0.08013815354161194,0.09163305821976674,0.019603750422922357,0.12857018016653055,0.020268275909332164,-0.0012575806515359833,0.04220550064708986,0.005394512716974485,-0.005698743009209303,0.042719175201590624,-0.0038012151186825115,0.02880867259966455,-0.00014782873007663236,0.012158429861216,-0.0056885874696816175,0.014190401725797674
cumul_pressured_success_rate,-0.005516998161457408,0.01119403875025151,0.09992167805568383,-0.05683213277037094,0.04221825562773863,0.07601160410039061,0.05281628377738728,-0.009018671631020736,0.11085554745173022,-0.02861713006259756,0.052713901412642976,0.086481297175144,0.2903992422680519,0.07958356257175093,0.32635402023480314,0.1289220590975622,0.4559483190390008,-0.23775152948097525,0.21085232747338087,0.5030580940983217,0.6248208089301963,1.0,0.0004884135131998899,0.06944623633818818,0.04765339129085523,0.1287842360998274,-0.015618890144065523,0.13441079103165837,0.2734864200720914,0.11637606969747318,-0.07466703873487956,0.08631996770724316,0.04354041954350563,0.2030920168039201,-0.06309339757369382,0.21108669119553536,0.2015171203554569,-0.053075736143717085,-0.07999034855525021,0.13201364307480457,0.09604824029998886,-0.0582925087037903,0.043569327070579554,-0.0697555118963793,-0.0012279428580445123,-0.012424373751408337,-0.02054138103555671,0.03494199102823719,-0.01357410433947343,-0.028533966848690463,-0.010248552166451246,-0.04859895347085411,0.04110354268955267,-0.03708838690222379,-0.03216116139430176,-0.028613399351468945,-0.032330988083221164
last_15_pressures_applied,-0.2137415796211797,-0.006949937150286258,0.052265679150780404,-0.00812870130540015,-0.008627526697010625,0.42845763227000866,0.18755626916582374,0.10737613976220206,0.26069266427754834,0.06376888387052937,0.19693339164171403,-0.1400877285723836,0.06657367313525181,-0.026264649805436392,-0.019626892432774365,-0.13689615569727284,0.26592794432339406,0.3702899718991157,0.24978384461790562,0.1802843546697594,0.11865331711691239,0.0004884135131998899,1.0,0.7550014225994781,0.6045740366375685,0.4553409676909513,0.6271430578416457,0.3949943941749426,0.10283136172514691,0.09796825493189266,0.23287880039728368,0.43755276966161616,0.33741523100653636,0.3896804001916597,0.36294156688597984,-0.09541744288553282,-0.001845860087422029,0.30704118994748736,0.2216038626683618,0.23931822734577887,0.3982643903519779,0.3043501635196135,0.230281185383487,0.22835784044975535,0.3557702639018912,0.11164575897690618,0.058044238783194056,0.0056512396266239955,0.059364690801613273,0.09624405490680975,0.1403953087146186,0.07261527819051669,0.008660379116164928,0.08813298488326024,0.1327239521081071,0.09718394017477246,0.1319700862002013
last_15_pressures_won,-0.14927173698768373,-0.016443322462961117,0.0454020338995406,-0.03212860061874574,0.024449611262078976,0.30476764046594845,0.15564894576419622,0.06503401917745867,0.21502938618555684,0.05354658695574522,0.1542333560598716,-0.06555408269647979,0.1328544049083569,0.039914147483296865,0.0788238230049807,-0.02526414536977083,0.24838888664482947,0.2781667202781943,0.2324866950254827,0.20304109064360154,0.13624771434769886,0.06944623633818818,0.7550014225994781,1.0,0.4568168012068577,0.5475962595396758,0.341761154022071,0.808349381046052,0.43614548008445914,0.13010573757908184,0.12637434190506952,0.32172827080750843,0.2519144124324938,0.3105638633734207,0.22331357369325297,0.011250274292705066,0.07705779848641557,0.1934043106876465,0.1127496102059918,0.19548091106500182,0.29401751339073195,0.19489959122781117,0.17176665529290513,0.12465473700967929,0.24273962910419372,0.06903994494158903,0.038237400038345824,0.009363240331465026,0.02195528768121385,0.04846480851929619,0.08249168878655058,0.06129878015543257,0.010861873797129952,0.05049238051410905,0.07233626809909134,0.04892146174423361,0.07034198815857617
cumul_pressures_applied,0.30005385748495,0.15191773481358503,0.03912547016951387,-0.006313031330655078,0.017488602335125992,0.37093374001339585,0.19343850737691357,0.1490375422809749,0.7454167912162813,0.0947235027726657,0.44391860933050303,0.48123824561428197,0.088857674331198,-0.03138342834924986,0.40010023458420624,0.14252576671696748,0.1875228081775951,0.2822743986046965,0.695243661712578,0.5861904799679737,0.12135908446375238,0.04765339129085523,0.6045740366375685,0.4568168012068577,1.0,0.8702331243533188,0.9382343819968463,0.27424205800165763,0.184169071327238,0.042570980717820575,0.2215153533148147,0.398786371215723,0.28956568327329957,0.49261888047818814,0.38427724932038243,-0.05221772447061544,0.1053241927354708,0.31747638483607277,0.22239609964510695,0.26867084585671275,0.3477912237416545,0.3206723494591867,0.22440691192542744,0.2193905455465233,0.33708884113395365,0.1460295601405158,0.05378903169568465,0.0522628912453561,0.07109261653574923,0.12045982598433122,0.3410077362117632,0.1560174121346423,0.14357145319710846,0.20228984425774127,0.2963281171983182,0.11995281862139993,0.2791632466616104
cumul_pressures_won,0.33385098531639285,0.14424091196661432,0.02406788640235781,-0.05327235583139779,0.05287923612642365,0.2870067465810162,0.18652723411481906,0.11083998197829895,0.6958760925628517,0.09580173333570656,0.4158710494075746,0.5217848703447724,0.1629254497516835,0.0447342195320512,0.49261917381437953,0.25557744598301224,0.1854972217751864,0.21479608136103984,0.6811639016822325,0.6164860603718529,0.14347940065946402,0.1287842360998274,0.4553409676909513,0.5475962595396758,0.8702331243533188,1.0,0.6639772384053533,0.45622353595176374,0.5401997477991841,0.09253638426494683,0.1302902107846574,0.3195527661330453,0.23825022811644167,0.452670773716162,0.24782765935634124,0.08323626337284577,0.21377314566255634,0.20858979292905824,0.13106668404901914,0.24321074653471597,0.27955364386958065,0.21276283241937674,0.20516703635621186,0.13146433240946942,0.23827123364872346,0.10685547594974512,0.04571648840036513,0.04370175830041571,0.034348042663718804,0.0773423939474192,0.28461784162724363,0.13928645943010703,0.12837605859677909,0.15583552549185714,0.2287862548825,0.07629601279662027,0.21193668223172182
cumul_pressures_lost,0.22715980610620762,0.12824436714724324,0.05894118998273657,0.024115588206576135,-0.011897561396463453,0.38830001705462985,0.17387516294911742,0.153378738904836,0.6719103698116963,0.07971027694027152,0.39594414811848716,0.37310161955166987,0.03431025487616801,-0.08021851180717424,0.2774525011986118,0.03909706801995315,0.17354892611314715,0.3009772947278865,0.6065230342074818,0.48322958229683405,0.09071750763231214,-0.015618890144065523,0.6271430578416457,0.341761154022071,0.9382343819968463,0.6639772384053533,1.0,0.11308343595570183,-0.09017439770359831,0.0064479167478658115,0.25870563320387824,0.40725702408972375,0.289646089029152,0.4570993342085492,0.4245504346511643,-0.12980051574580845,0.023585370251668167,0.35349982511443806,0.258137688930018,0.2543431590646045,0.3561555748580556,0.355842471224325,0.21218228398972466,0.25458623159448845,0.3616247484083631,0.15177679125364882,0.050608751063772175,0.04128879256582583,0.08837991541181603,0.1302206560371648,0.33184192767469145,0.14554230112669728,0.12464311447299145,0.20698922431767783,0.30056258099070865,0.13001412989017339,0.2855653776256228
last_15_pressure_success_rate,-0.04716464837910043,-0.025547113609386076,0.00841897256283484,-0.03307026661081128,0.005870561985508147,0.2221357036370671,0.14207802337934639,0.04271695131207514,0.20599817581251256,0.03698313354640219,0.1354544213499837,0.011686854605562454,0.20905967082053442,0.06310078663952812,0.20311558643258254,0.05623689487001814,0.21036810045984267,0.1760318181711046,0.2350500880214559,0.23849539325076713,0.15964744645844456,0.13441079103165837,0.3949943941749426,0.808349381046052,0.27424205800165763,0.45622353595176374,0.11308343595570183,1.0,0.6102426525958329,0.13702228160984903,0.06250080870710595,0.2506823306448109,0.19061328873306116,0.28863476508374997,0.13274996270056016,0.10640212589917339,0.14787012657433504,0.12947426170801546,0.05438512322990799,0.18306743397343875,0.22628318426089866,0.1352982973463525,0.1352100865030222,0.06394565912535606,0.1665645028882403,0.04607824461476614,0.019751977105130304,0.011719456895588554,0.012905607353794459,0.03697989798808576,0.061637911664259554,0.05161356215553155,0.01141967614818815,0.03576139887055416,0.05522584153685454,0.03673895692367892,0.05198418067350292
cumul_pressure_success_rate,0.03956168205341433,0.026944891196429926,-0.07986077165934673,-0.051438534263388236,0.017113250632214555,0.15348329928680313,0.17046732639150824,0.02186468659346529,0.2504141951831518,0.05236790381497556,0.180872771770088,0.135681846732277,0.31916853175449517,0.14355950121008954,0.41305378658623015,0.220718276163443,0.21422474436215153,0.0821149955021613,0.3079490590688458,0.3579224923103146,0.2221467350519419,0.2734864200720914,0.10283136172514691,0.43614548008445914,0.184169071327238,0.5401997477991841,-0.09017439770359831,0.6102426525958329,1.0,0.19295848056698855,-0.01787182001616884,0.2025573584637986,0.15968727153904672,0.3719694834061391,0.034150664101414034,0.3029667694828933,0.3375872673311835,0.036178962668839326,-0.021880259189901687,0.1975037531272443,0.17248135229681966,0.03989734592854582,0.15743155375692247,-0.01340844594086314,0.08186382148645709,0.019108766237493392,0.01882512131419419,0.0408397685323638,-0.015558339432597879,0.002017298271863076,0.04198870906407269,0.026599019593843493,0.04378514726451931,0.008054267087182366,0.01043666774327004,0.0015802071885251557,0.010453991829195725
last15_bottom_sprint_count,-0.09171981280612844,-0.06964511332660447,0.012603683533827265,-0.02532766938499698,-0.06201171904164284,0.29546911586475094,0.40217815540451296,-0.040287479176346265,0.12258642878360926,0.2411643367280575,0.1932674399000034,-0.05039907239381942,0.0926557333183812,0.09086577818539027,0.05886494740760556,0.0689438525676496,0.09765833295487023,0.028489702770187655,0.04393629488899391,0.0767623765915791,0.0947089413815396,0.11637606969747318,0.09796825493189266,0.13010573757908184,0.042570980717820575,0.09253638426494683,0.0064479167478658115,0.13702228160984903,0.19295848056698855,1.0,0.00923058086386788,0.21095677508868496,0.45414742755117876,0.1711097426392721,-0.09256657239381094,0.353505824647929,0.5967907060446008,-0.11411154216886471,-0.0554787638304541,0.10843474506735648,0.3053357243406273,-0.09373665674580421,0.4518744685781959,0.014031579898306073,0.0006252787774657782,-0.03680195485932521,0.00020010764786584757,0.01257534202206011,-0.008412104998075792,-0.043496318929224585,-0.04200660441431086,-0.026645578215927425,-0.0007257025947315447,-0.022240277110327087,-0.043179884132753234,-0.04173206771908274,-0.0362655430303738
top_sprint_distance,-0.028189671542226572,-0.07115125020730757,-0.09962455552431074,-0.000555130501288843,0.023020412951645523,0.47213207458701895,0.3876489631550159,0.15342145137986915,0.2494824480272986,0.2869705563613499,0.28959352651255793,-0.06973272949709278,0.06254081505752676,-0.13343198572106515,-0.017635571921267947,-0.19280342728168318,0.10767078964426947,0.24005123101914536,0.15670228348533355,0.08202820979302668,0.019135410142245866,-0.07466703873487956,0.23287880039728368,0.12637434190506952,0.2215153533148147,0.1302902107846574,0.25870563320387824,0.06250080870710595,-0.01787182001616884,0.00923058086386788,1.0,0.3900449797186136,0.5422452602798785,0.22232730270403248,0.5003011913487466,-0.27465636471213006,-0.16286244071405448,0.5710703221465532,0.9617555969256866,0.1466441937388043,0.42483510522298074,0.5838069223907811,0.4605630567109414,0.9891145230479687,0.469636178784034,0.15569429751366573,0.07962154431562697,0.027337900336241547,0.08174459496805758,0.13567580018066489,0.2194947826541888,0.10732689448026143,0.025523136016014525,0.1253768772772581,0.20032646425262177,0.1338877230579916,0.1936457983647834
possessions_with_2plus_runs,-0.10240124870903654,-0.07806522346139466,-0.025356517758779916,-0.027343506422887066,0.023194025421531872,0.6824946104165824,0.3183281722606697,0.14840429419079926,0.4156227977201055,0.12629001590104125,0.2904326407930306,-0.08299594949854706,0.22492108913530706,-0.05158459041174042,0.12520778996609994,-0.12567155351000417,0.33156964060699307,0.36600569157117263,0.33552472168446973,0.2849363384483041,0.2122763998743118,0.08631996770724316,0.43755276966161616,0.32172827080750843,0.398786371215723,0.3195527661330453,0.40725702408972375,0.2506823306448109,0.2025573584637986,0.21095677508868496,0.3900449797186136,1.0,0.6215324600087818,0.5522382668107517,0.4585043324886342,-0.08652449687953906,0.0675306566380472,0.4479685860931521,0.3750529320235076,0.29694907395546044,0.5540298256673428,0.45149260786454876,0.3873005550897353,0.3875984019174017,0.5027568459563135,0.15040282299328755,0.05350860790537787,0.025965316157010008,0.08765853995641336,0.13284886731802095,0.2127458330050801,0.07615010521976864,0.04200887868296075,0.1337133728897317,0.17826208209293976,0.132778882222873,0.1778283287498984
possessions_with_sprint_and_hsr,-0.08672026613096027,-0.07326644890265058,-0.06137397470585472,-0.03075970906384845,-0.02917115727508098,0.6383357057466459,0.6509933746280246,0.130937118554641,0.34658528774397723,0.40671274973927923,0.4079486988980857,-0.07721224977335328,0.1554737088886342,-0.02573264888812694,0.06875960038791053,-0.10424241923578835,0.2137720030815234,0.2624514477856393,0.23040345972518222,0.18667373978997187,0.1254695456877027,0.04354041954350563,0.33741523100653636,0.2519144124324938,0.28956568327329957,0.23825022811644167,0.289646089029152,0.19061328873306116,0.15968727153904672,0.45414742755117876,0.5422452602798785,0.6215324600087818,1.0,0.381223832847652,0.3295569162444372,-0.03862427279895915,0.15775843849341759,0.3282528641234064,0.49417191631164076,0.22806668768805605,0.5903481282976487,0.3328013336905961,0.7592953846350678,0.5293651908710735,0.3933376847731113,0.13245512710905366,0.057761177975333,0.02959212164969873,0.09357347744785163,0.1284118921563951,0.17384368952479987,0.06661299006780752,0.015207698900636085,0.13327408347929834,0.15851155157904512,0.128495166527035,0.15909570944087803
cumul_unique_run_possessions,0.05395342909574309,0.04611900173352724,-0.05069934382490408,-0.007954190351443707,-0.010632023552843518,0.45154074309403786,0.31389739098916064,0.1290336423047303,0.4904419437985615,0.19692515617426504,0.41987396179726316,0.10763207842200566,0.27454624193006805,0.008263726210746333,0.35704626804517264,0.047115653940709365,0.29523149947733396,0.29225303844695427,0.4575015952488476,0.42413677665678584,0.24665509101272715,0.2030920168039201,0.3896804001916597,0.3105638633734207,0.49261888047818814,0.452670773716162,0.4570993342085492,0.28863476508374997,0.3719694834061391,0.1711097426392721,0.22232730270403248,0.5522382668107517,0.381223832847652,1.0,0.38606879247401704,0.17038172074226907,0.25103735403278377,0.33743304792165035,0.2175908565371471,0.34325337892980534,0.37437481291715524,0.3454964873216455,0.3023393788615266,0.22178675201917344,0.33409555205409686,0.1276902354614538,0.04639032609001148,0.05713567909931749,0.06640929968801147,0.10559161473205166,0.2132201925566058,0.08166749268076261,0.10221427622073144,0.12014485624499437,0.18391768021794275,0.10600532634657088,0.1836146655981762
cumul_top_run_share,-0.0029127459184573098,-0.0017249278097567736,-0.07085235092909448,0.005388466463380532,-0.0026446645537421824,0.404810252487263,0.22135972301066292,0.24198020368162448,0.3294496587360981,0.11598313107197063,0.23952965179792948,-0.06499925958474803,0.18268596790400876,-0.195303718590594,0.11745619438803563,-0.2631989436862991,0.21826916441821378,0.33043327684764473,0.29786751460752836,0.19854567838483134,0.10473458413286443,-0.06309339757369382,0.36294156688597984,0.22331357369325297,0.38427724932038243,0.24782765935634124,0.4245504346511643,0.13274996270056016,0.034150664101414034,-0.09256657239381094,0.5003011913487466,0.4585043324886342,0.3295569162444372,0.38606879247401704,1.0,-0.47967004513175615,-0.257885543721388,0.8225544748967054,0.5166892903352136,0.24076533708007103,0.35007236731047486,0.7922582909936327,0.22499780607314881,0.4827742344242269,0.6883541149608678,0.24443136784204342,0.0777816746972747,0.059236172588196453,0.14675821195321045,0.2171986604961659,0.3268024137650465,0.12501388689142995,0.08709958167677623,0.20934623077170111,0.30253973780806437,0.21557965091713166,0.289916256022958
cumul_bottom_run_share,0.04287234017766709,0.01610189241438904,0.035318992826621536,0.0036046160348901747,-0.052676911105859044,-0.06462997015054181,0.06648432073364234,-0.14362577585007233,0.04166043588636718,0.09995174932567713,0.08230513971884906,0.1439655018016842,0.06480903900039346,0.22912116408442873,0.18297444105395982,0.32685663937919296,-0.007994290284991573,-0.1457386954556185,0.009361410327468187,0.09511655762576446,0.07877646828681151,0.21108669119553536,-0.09541744288553282,0.011250274292705066,-0.05221772447061544,0.08323626337284577,-0.12980051574580845,0.10640212589917339,0.3029667694828933,0.353505824647929,-0.27465636471213006,-0.08652449687953906,-0.03862427279895915,0.17038172074226907,-0.47967004513175615,1.0,0.6240675934733758,-0.39328393202852313,-0.28234991121120234,0.06228656824530027,-0.009394351868277449,-0.3742660469742469,0.026275471283209048,-0.259251954291913,-0.2904100832766909,-0.14463296519098412,-0.04314475880255802,-0.023584767300072376,-0.08136598427959876,-0.13609228244101268,-0.16017748761673706,-0.07637369907036123,-0.024450319355106647,-0.08995678324084323,-0.15699190589418704,-0.13516745730863403,-0.14746659012704166
cumul_bottom_sprint_share,0.07728132707864939,0.04576206307867824,-0.01266219993974122,-0.020285226393913353,-0.10808345322373919,0.08751405843047078,0.18026997379170737,-0.08264394772178135,0.22954946445055924,0.1661261246159443,0.21504845933127192,0.18671593855324795,0.11992580171397997,0.16476379700440913,0.2634947654163319,0.28613858882434867,0.05666679583301707,-0.05528395089204496,0.15262516851779662,0.20508279282444708,0.11008977595094419,0.2015171203554569,-0.001845860087422029,0.07705779848641557,0.1053241927354708,0.21377314566255634,0.023585370251668167,0.14787012657433504,0.3375872673311835,0.5967907060446008,-0.16286244071405448,0.0675306566380472,0.15775843849341759,0.25103735403278377,-0.257885543721388,0.6240675934733758,1.0,-0.20717286810443594,-0.18946064991033995,0.12299806844660481,0.1278198599490715,-0.1907042357120898,0.19291191179853057,-0.15202589176288983,-0.12425243507792687,-0.08383184180498063,0.0016881046932880274,0.006741798926196418,-0.05714831317794056,-0.08510899225930345,-0.07967655488017562,-0.012260732967446621,0.012736039785444261,-0.05874524405171805,-0.0875128656299122,-0.08394479516507032,-0.08174675127868984
last15_top_run_share,-0.018379342574090116,-0.04478483625945571,-0.07208152300723117,0.005482992028612985,-0.007166126764089198,0.4110310529235359,0.2192579272072098,0.21762272914791017,0.2827612416741368,0.10612848184149862,0.19966417852980042,-0.08643626022362817,0.19849300898363276,-0.18186076129180037,0.0931366463294844,-0.23469034655711624,0.2035135563467205,0.3114429404331959,0.24954782274541615,0.16649065164889518,0.09094266533383255,-0.053075736143717085,0.30704118994748736,0.1934043106876465,0.31747638483607277,0.20858979292905824,0.35349982511443806,0.12947426170801546,0.036178962668839326,-0.11411154216886471,0.5710703221465532,0.4479685860931521,0.3282528641234064,0.33743304792165035,0.8225544748967054,-0.39328393202852313,-0.20717286810443594,1.0,0.5969946995724348,0.24159154425992072,0.36023940962589823,0.9611527517567636,0.21565245762962387,0.5529312713803429,0.8386867750541754,0.2212541252048823,0.07703392921140838,0.04783937377482443,0.13019483474118942,0.19734434979962603,0.27063957565943253,0.10401548023621432,0.06032717785724105,0.1649453129985302,0.2526309251536447,0.19591314890075004,0.2453555404142888
last15_top_sprint_share,-0.014480576467039428,-0.0678337768987327,-0.09455898141041062,-0.007628865316504867,0.018018087682973447,0.40996801172932246,0.3293979112271151,0.14805784818392903,0.22664966309151957,0.2347549452875159,0.24878535106003874,-0.06243460932641568,0.07555226655951285,-0.12425870109191837,-0.0020509707001165026,-0.1783114058421604,0.09718498105597524,0.23921146976869126,0.15639753643672696,0.0792518223350868,0.007142709379232088,-0.07999034855525021,0.2216038626683618,0.1127496102059918,0.22239609964510695,0.13106668404901914,0.258137688930018,0.05438512322990799,-0.021880259189901687,-0.0554787638304541,0.9617555969256866,0.3750529320235076,0.49417191631164076,0.2175908565371471,0.5166892903352136,-0.28234991121120234,-0.18946064991033995,0.5969946995724348,1.0,0.1122621894374842,0.3622436702684154,0.5944399027009946,0.38832690015340243,0.953682420711937,0.47048287183530685,0.1505776517003614,0.07590593054872344,0.023348922009045252,0.07895233347317399,0.1301627012442174,0.21760182295129293,0.10673767664892735,0.03776630498770924,0.12265724166425788,0.19570085125683187,0.12788509357392527,0.18831529401291489
distance_per_run,0.010130945316471143,-0.009537109156634568,-0.008715496311507257,-0.0016748064947901486,0.03357707556206159,0.5641440664704299,0.4200617118880565,0.07989206430003748,0.39625363861030716,0.22480528087063253,0.28066307434962473,-0.017457644512303333,0.17871872632967017,-0.02759815689199861,0.1870844378762996,-0.048286755981626225,0.19399912307188305,0.151229541203831,0.24499433145993899,0.23752356966621144,0.16425852804566196,0.13201364307480457,0.23931822734577887,0.19548091106500182,0.26867084585671275,0.24321074653471597,0.2543431590646045,0.18306743397343875,0.1975037531272443,0.10843474506735648,0.1466441937388043,0.29694907395546044,0.22806668768805605,0.34325337892980534,0.24076533708007103,0.06228656824530027,0.12299806844660481,0.24159154425992072,0.1122621894374842,1.0,0.5794946723930653,0.22537586432626153,0.23782629432578575,0.1587430277943469,0.2582822408545021,0.07957444038684815,0.026460688060728068,0.02405503544204876,0.06126852968168103,0.0658463716853606,0.10500079179554962,0.022172567993076958,0.018305161468326163,0.07986098254645324,0.08633498654531817,0.06452601772867642,0.0821811278181763
distance_per_possession,-0.08155381243926117,-0.14412382445429073,0.005311851692703869,0.003349612989580297,0.03315626952230261,0.9414151406099458,0.4252556883467465,0.11025402365770093,0.5303370223362942,0.22495926083934614,0.32479402805530994,-0.06708442067028272,0.19704085426172777,-0.060318907612997026,0.12225197968441101,-0.12589571314749057,0.2462447217879972,0.2477902776070527,0.2493846977168799,0.2178032563985145,0.18010493168494845,0.09604824029998886,0.3982643903519779,0.29401751339073195,0.3477912237416545,0.27955364386958065,0.3561555748580556,0.22628318426089866,0.17248135229681966,0.3053357243406273,0.42483510522298074,0.5540298256673428,0.5903481282976487,0.37437481291715524,0.35007236731047486,-0.009394351868277449,0.1278198599490715,0.36023940962589823,0.3622436702684154,0.5794946723930653,1.0,0.3559746198226364,0.43759909257991486,0.41236381836966385,0.5091714075460566,0.11279384804935733,0.05026093651975085,0.033461089546006205,0.06851008900387094,0.10000093471408564,0.1505845457676295,0.05466747091970829,0.02523664455483322,0.0944714943013952,0.13554221185043505,0.09882222101559462,0.13645101302953822
top_distance_share,-0.014778055672211339,-0.04104704451378987,-0.08016948432372134,0.00890999424447155,-0.0034754838010672253,0.4095497581004202,0.2269998485810266,0.21057001256766186,0.2871994925071029,0.11641814511198229,0.20761783409058107,-0.08236717071151278,0.16596768339465748,-0.18786117023333374,0.07325895606994176,-0.2320389269394865,0.18908450729961968,0.30467427069266245,0.23812755641941163,0.1552047450819467,0.08013815354161194,-0.0582925087037903,0.3043501635196135,0.19489959122781117,0.3206723494591867,0.21276283241937674,0.355842471224325,0.1352982973463525,0.03989734592854582,-0.09373665674580421,0.5838069223907811,0.45149260786454876,0.3328013336905961,0.3454964873216455,0.7922582909936327,-0.3742660469742469,-0.1907042357120898,0.9611527517567636,0.5944399027009946,0.22537586432626153,0.3559746198226364,1.0,0.22192240421213236,0.5696643035147998,0.8163447735039802,0.21466207470963136,0.08781117593035409,0.05614101741356743,0.11712589333128094,0.18755608580652433,0.25710988577536065,0.11589832855024187,0.06444954795682155,0.15186738928476695,0.23640568536253095,0.18634760576304438,0.2280000200052816
sprint_distance_share,-0.018620979477074102,-0.008040148658613893,-0.11085852095850164,-0.021667390501418998,-0.02084456514742527,0.4443325924798342,0.7971869468837384,0.09447445398402356,0.2760988714611346,0.5208593278679556,0.5045203534562107,-0.031128829524051042,0.1376914636961023,-0.021712340498363687,0.09613809796714795,-0.056084928547716496,0.14497608106412865,0.18824807486151063,0.19434472854075713,0.16386505215804537,0.09163305821976674,0.043569327070579554,0.230281185383487,0.17176665529290513,0.22440691192542744,0.20516703635621186,0.21218228398972466,0.1352100865030222,0.15743155375692247,0.4518744685781959,0.4605630567109414,0.3873005550897353,0.7592953846350678,0.3023393788615266,0.22499780607314881,0.026275471283209048,0.19291191179853057,0.21565245762962387,0.38832690015340243,0.23782629432578575,0.43759909257991486,0.22192240421213236,1.0,0.45712022440064104,0.25841178444215385,0.09451851527835238,0.04483840379542641,0.023962108890291472,0.06399469016104592,0.09610529064224282,0.14544100894589918,0.053575911078048405,0.017361267257845956,0.10909114656066754,0.13799950169122482,0.09618233817683583,0.13773342294426552
avg_top_sprint_distance,-0.025706556669142233,-0.06400407523491304,-0.0926207700873616,-0.0024838774306814785,0.028771974347370083,0.4591692407476405,0.379803802512971,0.14769201715209757,0.2451743930623708,0.27808412138409994,0.2917161932968551,-0.06811558449156493,0.0650493317914065,-0.1270750945884773,-0.013162302786455894,-0.18407409146574286,0.1112182848806968,0.2421505654229155,0.16056817324005396,0.08750417492567784,0.019603750422922357,-0.0697555118963793,0.22835784044975535,0.12465473700967929,0.2193905455465233,0.13146433240946942,0.25458623159448845,0.06394565912535606,-0.01340844594086314,0.014031579898306073,0.9891145230479687,0.3875984019174017,0.5293651908710735,0.22178675201917344,0.4827742344242269,-0.259251954291913,-0.15202589176288983,0.5529312713803429,0.953682420711937,0.1587430277943469,0.41236381836966385,0.5696643035147998,0.45712022440064104,1.0,0.45842269740679287,0.14973138748169829,0.08263619819656712,0.021282803478747434,0.07956059283443383,0.13199773688958585,0.21366818732351195,0.10409700598639841,0.025010137585928707,0.12378476025484546,0.19418871754925893,0.1299930172044635,0.18615863863004378
share_of_possessions_with_top_run,-0.0396345202279109,-0.07617073516598563,-0.03984302206173,0.013444011022240198,-0.027392675659256023,0.5127275292042426,0.23636434844424825,0.15580575326008517,0.3155200798099807,0.09529825029750852,0.2103534605692301,-0.08055639588934863,0.18378668439556678,-0.13670209095527477,0.09114032643136113,-0.19893822304226585,0.2061317240007469,0.2735848066039695,0.23366488547739872,0.16784582082872843,0.12857018016653055,-0.0012279428580445123,0.3557702639018912,0.24273962910419372,0.33708884113395365,0.23827123364872346,0.3616247484083631,0.1665645028882403,0.08186382148645709,0.0006252787774657782,0.469636178784034,0.5027568459563135,0.3933376847731113,0.33409555205409686,0.6883541149608678,-0.2904100832766909,-0.12425243507792687,0.8386867750541754,0.47048287183530685,0.2582822408545021,0.5091714075460566,0.8163447735039802,0.25841178444215385,0.45842269740679287,1.0,0.1590699332763625,0.05854086765932905,0.04238020434770976,0.0982546825727826,0.13834599860432673,0.20527733782193694,0.08340612974457005,0.04573250727192131,0.13140715234632994,0.19105629309582028,0.13748078527746346,0.18778674696075356
last_15_shots_total,0.04239997083175376,0.006970427535902655,-0.047620638168458185,0.016450470511020766,0.0185464981319118,0.13336058108819637,0.08476986822716344,0.9920130990013855,0.12720516528105813,0.05826183532143216,0.09976949200822896,0.017976424858106885,0.14686145657837857,-0.08472477467631152,0.0944274639970057,-0.09296419133007722,0.08249867222646132,0.15330807119061546,0.1524978665029174,0.1129877254784681,0.020268275909332164,-0.012424373751408337,0.11164575897690618,0.06903994494158903,0.1460295601405158,0.10685547594974512,0.15177679125364882,0.04607824461476614,0.019108766237493392,-0.03680195485932521,0.15569429751366573,0.15040282299328755,0.13245512710905366,0.1276902354614538,0.24443136784204342,-0.14463296519098412,-0.08383184180498063,0.2212541252048823,0.1505776517003614,0.07957444038684815,0.11279384804935733,0.21466207470963136,0.09451851527835238,0.14973138748169829,0.1590699332763625,1.0,0.35932105308528167,0.4878010890035844,0.5412535687153124,0.875736742002145,0.6606820846906112,0.3057705689976364,0.3437919698392092,0.38248308576427614,0.5900557991631297,0.8740914499843886,0.5768397526538872
last_15_shots_special,0.006057223036510909,-0.038039920655185536,-0.04557183961250069,0.013625077190970633,0.0074030895400549485,0.053855479128126306,0.03440518579437614,0.3565507990177088,0.02799332480843107,0.021863077537377363,0.0424482200764826,-0.004481793726942647,0.029142201160432105,-0.02112029047668187,-0.0035769160886889415,-0.035705603220295305,0.003163593852088833,0.03999499653917767,0.0148094207546305,-0.0028562462280370677,-0.0012575806515359833,-0.02054138103555671,0.058044238783194056,0.038237400038345824,0.05378903169568465,0.04571648840036513,0.050608751063772175,0.019751977105130304,0.01882512131419419,0.00020010764786584757,0.07962154431562697,0.05350860790537787,0.057761177975333,0.04639032609001148,0.0777816746972747,-0.04314475880255802,0.0016881046932880274,0.07703392921140838,0.07590593054872344,0.026460688060728068,0.05026093651975085,0.08781117593035409,0.04483840379542641,0.08263619819656712,0.05854086765932905,0.35932105308528167,1.0,0.28443849534861737,0.17662574111685075,0.34913952989583613,0.23470515251424318,0.6266240502164959,0.20077345387960868,0.09929151677636348,0.22697783190291235,0.34337802850528265,0.21880535892303005
last_15_shots_set_play,0.04465436841838388,0.024269803981626092,-0.04024434093791805,0.01814948466187199,0.009973944175068635,0.027545131763155383,0.033002932781131915,0.4839150257329174,0.04842750451553263,0.018513965153222102,0.04333079697294378,0.033835663490533546,0.08140201537079712,-0.003087796329527679,0.06840427086662816,0.034087320987051244,0.03212072843558135,0.012974861202764181,0.06690613025157896,0.06695102486492106,0.04220550064708986,0.03494199102823719,0.0056512396266239955,0.009363240331465026,0.0522628912453561,0.04370175830041571,0.04128879256582583,0.011719456895588554,0.0408397685323638,0.01257534202206011,0.027337900336241547,0.025965316157010008,0.02959212164969873,0.05713567909931749,0.059236172588196453,-0.023584767300072376,0.006741798926196418,0.04783937377482443,0.023348922009045252,0.02405503544204876,0.033461089546006205,0.05614101741356743,0.023962108890291472,0.021282803478747434,0.04238020434770976,0.4878010890035844,0.28443849534861737,1.0,0.22504919031216028,0.3476951178347257,0.3189182182842051,0.211759272956614,0.6558441343822696,0.1633496132255724,0.24273769195772887,0.34666936337687115,0.23727937242867825
last_15_shots_blocked,-0.008509292670763363,-0.011480025260927392,-0.008106797390225243,-0.005966160253258395,0.013000683913647244,0.08587749877342142,0.07236341893570478,0.537012361059341,0.06582852807700332,0.055802464922884994,0.05689131941106846,-0.0027656996174074875,0.0756787990984304,-0.0831126019210193,0.04252338756147374,-0.0938863982306595,0.04382697319328911,0.0885021519665662,0.07615552575668304,0.05547181893969189,0.005394512716974485,-0.01357410433947343,0.059364690801613273,0.02195528768121385,0.07109261653574923,0.034348042663718804,0.08837991541181603,0.012905607353794459,-0.015558339432597879,-0.008412104998075792,0.08174459496805758,0.08765853995641336,0.09357347744785163,0.06640929968801147,0.14675821195321045,-0.08136598427959876,-0.05714831317794056,0.13019483474118942,0.07895233347317399,0.06126852968168103,0.06851008900387094,0.11712589333128094,0.06399469016104592,0.07956059283443383,0.0982546825727826,0.5412535687153124,0.17662574111685075,0.22504919031216028,1.0,0.48487921948602597,0.3702984017688035,0.1519867539464926,0.1724215649499962,0.6327156937974013,0.3329260203935143,0.4797750442301404,0.31237955060144174
last_15_shots_under_pressure,0.04115055449356075,-0.01024746970704048,-0.04744323802245711,0.023231642572251698,0.01183219965869391,0.11612929704224725,0.0695949871148621,0.8687677384434488,0.0999940205878933,0.028914862354333302,0.07956201442947013,0.011102495038794926,0.13644596471561993,-0.08347187870650485,0.0806458206718424,-0.08683739193421301,0.06748344760654006,0.15379084102975604,0.132637745921563,0.09025731200421311,-0.005698743009209303,-0.028533966848690463,0.09624405490680975,0.04846480851929619,0.12045982598433122,0.0773423939474192,0.1302206560371648,0.03697989798808576,0.002017298271863076,-0.043496318929224585,0.13567580018066489,0.13284886731802095,0.1284118921563951,0.10559161473205166,0.2171986604961659,-0.13609228244101268,-0.08510899225930345,0.19734434979962603,0.1301627012442174,0.0658463716853606,0.10000093471408564,0.18755608580652433,0.09610529064224282,0.13199773688958585,0.13834599860432673,0.875736742002145,0.34913952989583613,0.3476951178347257,0.48487921948602597,1.0,0.5790665834938958,0.2813410509328885,0.24716878523191288,0.3344353443562206,0.657124498044541,0.9991230278529646,0.6529631215460706
cumul_shots_total,0.21927045965594505,0.06791813356888773,-0.05876753128936547,0.0047742472795126835,0.0033327823242117107,0.17889147369385341,0.12755190098682945,0.6559563456579588,0.3578268288109805,0.09251314000508826,0.2325271115336426,0.24578899696125525,0.12311296943142572,-0.10124657854848788,0.24119576113600324,-0.03491600224354283,0.08816607494217786,0.16009127006498383,0.35432376454708053,0.2779128475999616,0.042719175201590624,-0.010248552166451246,0.1403953087146186,0.08249168878655058,0.3410077362117632,0.28461784162724363,0.33184192767469145,0.061637911664259554,0.04198870906407269,-0.04200660441431086,0.2194947826541888,0.2127458330050801,0.17384368952479987,0.2132201925566058,0.3268024137650465,-0.16017748761673706,-0.07967655488017562,0.27063957565943253,0.21760182295129293,0.10500079179554962,0.1505845457676295,0.25710988577536065,0.14544100894589918,0.21366818732351195,0.20527733782193694,0.6606820846906112,0.23470515251424318,0.3189182182842051,0.3702984017688035,0.5790665834938958,1.0,0.3938090382379306,0.4973064278259558,0.5964363095870537,0.8887597695865174,0.5770064271481623,0.8698571324311388
cumul_shots_special,0.07765584440630491,0.017586471598288616,-0.08613359656139202,0.022776963646974246,0.011351603197246608,0.0630492211882775,0.04577489029719858,0.30278298114894836,0.12299463450211506,0.04056886761412418,0.11641848538804503,0.09265377411693722,-0.004346907511297089,-0.061099390042941494,0.0381752458971739,-0.02530485189912543,-0.01868107561277568,0.04231567577036492,0.09045810624533884,0.04275476732311641,-0.0038012151186825115,-0.04859895347085411,0.07261527819051669,0.06129878015543257,0.1560174121346423,0.13928645943010703,0.14554230112669728,0.05161356215553155,0.026599019593843493,-0.026645578215927425,0.10732689448026143,0.07615010521976864,0.06661299006780752,0.08166749268076261,0.12501388689142995,-0.07637369907036123,-0.012260732967446621,0.10401548023621432,0.10673767664892735,0.022172567993076958,0.05466747091970829,0.11589832855024187,0.053575911078048405,0.10409700598639841,0.08340612974457005,0.3057705689976364,0.6266240502164959,0.211759272956614,0.1519867539464926,0.2813410509328885,0.3938090382379306,1.0,0.32580031621861655,0.21141515595634425,0.37582365813616103,0.2779118321306706,0.3518707107286328
cumul_shots_set_play,0.1493898708250434,0.032891785277051694,-0.04537623245756747,0.0119497796333113,0.018441584398866083,0.02399706693379266,0.025818943327006103,0.3445228228683272,0.14946740748827828,0.0036778689069522966,0.08461073048425288,0.16823758617234347,0.06940609738767708,-0.0059930005052690125,0.1648781876054294,0.09558473608686555,0.01768251570447642,0.02258712859179222,0.17588907163622833,0.1672228997249544,0.02880867259966455,0.04110354268955267,0.008660379116164928,0.010861873797129952,0.14357145319710846,0.12837605859677909,0.12464311447299145,0.01141967614818815,0.04378514726451931,-0.0007257025947315447,0.025523136016014525,0.04200887868296075,0.015207698900636085,0.10221427622073144,0.08709958167677623,-0.024450319355106647,0.012736039785444261,0.06032717785724105,0.03776630498770924,0.018305161468326163,0.02523664455483322,0.06444954795682155,0.017361267257845956,0.025010137585928707,0.04573250727192131,0.3437919698392092,0.20077345387960868,0.6558441343822696,0.1724215649499962,0.24716878523191288,0.4973064278259558,0.32580031621861655,1.0,0.31353623782442736,0.366918384975206,0.24582865096232037,0.3492001424295208
cumul_shots_blocked,0.10090955943271382,0.03315561177080754,0.007037045480034789,-0.005180959978505362,0.013758054731680333,0.11454064058668642,0.10622940585365155,0.37840259563962636,0.21441572920979413,0.09938863123278269,0.1543869129421302,0.13976926860452943,0.04660781108047933,-0.0983167216994065,0.12291683142864095,-0.09814224657790259,0.04354176621745757,0.14006992739485033,0.22826434360345316,0.16798960370626795,-0.00014782873007663236,-0.03708838690222379,0.08813298488326024,0.05049238051410905,0.20228984425774127,0.15583552549185714,0.20698922431767783,0.03576139887055416,0.008054267087182366,-0.022240277110327087,0.1253768772772581,0.1337133728897317,0.13327408347929834,0.12014485624499437,0.20934623077170111,-0.08995678324084323,-0.05874524405171805,0.1649453129985302,0.12265724166425788,0.07986098254645324,0.0944714943013952,0.15186738928476695,0.10909114656066754,0.12378476025484546,0.13140715234632994,0.38248308576427614,0.09929151677636348,0.1633496132255724,0.6327156937974013,0.3344353443562206,0.5964363095870537,0.21141515595634425,0.31353623782442736,1.0,0.5136145963622268,0.33074901556325587,0.47290365271430934
cumul_shots_under_pressure,0.1947824080326373,0.05220311083560053,-0.08760981447868016,0.031662915824174215,-0.012697696171615747,0.15749639785679082,0.10929961238534086,0.5836715247311339,0.3054877209013731,0.0705769973177109,0.20048711977267297,0.21040600557693054,0.11081877799936293,-0.11653153519159634,0.21156275848124528,-0.06332534272674797,0.07020814744329534,0.1657365683089047,0.31224959493359544,0.23215434244493352,0.012158429861216,-0.03216116139430176,0.1327239521081071,0.07233626809909134,0.2963281171983182,0.2287862548825,0.30056258099070865,0.05522584153685454,0.01043666774327004,-0.043179884132753234,0.20032646425262177,0.17826208209293976,0.15851155157904512,0.18391768021794275,0.30253973780806437,-0.15699190589418704,-0.0875128656299122,0.2526309251536447,0.19570085125683187,0.08633498654531817,0.13554221185043505,0.23640568536253095,0.13799950169122482,0.19418871754925893,0.19105629309582028,0.5900557991631297,0.22697783190291235,0.24273769195772887,0.3329260203935143,0.657124498044541,0.8887597695865174,0.37582365813616103,0.366918384975206,0.5136145963622268,1.0,0.6559248422998658,0.9888614851023763
last_15_shots_under_pressure_rate,0.04160441715867737,-0.009631727957589988,-0.047775505617318026,0.024395040543381166,0.011397587416211729,0.11518352225469641,0.06898052976665435,0.8671046704730593,0.09908792162041213,0.027627683985236264,0.07820993227616158,0.01065320843548558,0.13556480314669242,-0.08282422021377134,0.07994274666499758,-0.08634062840129425,0.06774836162719419,0.15361613442202066,0.13215880376464,0.08996820698377436,-0.0056885874696816175,-0.028613399351468945,0.09718394017477246,0.04892146174423361,0.11995281862139993,0.07629601279662027,0.13001412989017339,0.03673895692367892,0.0015802071885251557,-0.04173206771908274,0.1338877230579916,0.132778882222873,0.128495166527035,0.10600532634657088,0.21557965091713166,-0.13516745730863403,-0.08394479516507032,0.19591314890075004,0.12788509357392527,0.06452601772867642,0.09882222101559462,0.18634760576304438,0.09618233817683583,0.1299930172044635,0.13748078527746346,0.8740914499843886,0.34337802850528265,0.34666936337687115,0.4797750442301404,0.9991230278529646,0.5770064271481623,0.2779118321306706,0.24582865096232037,0.33074901556325587,0.6559248422998658,1.0,0.6541706047977707
cumul_shots_under_pressure_rate,0.1841904395648088,0.054978098545185365,-0.0886515509741646,0.034787496001153585,-0.01934923701469766,0.1569418902196719,0.10690646940769229,0.5704872403131891,0.2907755738431705,0.06276320072377733,0.19022943141245183,0.19307575606509036,0.11136197254520151,-0.11067228372795321,0.20087957729067013,-0.06427371979590678,0.07111491589784866,0.16231279556810138,0.29632967452609454,0.2179702037599442,0.014190401725797674,-0.032330988083221164,0.1319700862002013,0.07034198815857617,0.2791632466616104,0.21193668223172182,0.2855653776256228,0.05198418067350292,0.010453991829195725,-0.0362655430303738,0.1936457983647834,0.1778283287498984,0.15909570944087803,0.1836146655981762,0.289916256022958,-0.14746659012704166,-0.08174675127868984,0.2453555404142888,0.18831529401291489,0.0821811278181763,0.13645101302953822,0.2280000200052816,0.13773342294426552,0.18615863863004378,0.18778674696075356,0.5768397526538872,0.21880535892303005,0.23727937242867825,0.31237955060144174,0.6529631215460706,0.8698571324311388,0.3518707107286328,0.3492001424295208,0.47290365271430934,0.9888614851023763,0.6541706047977707,1.0
