model_feature,coefficient,abs_coefficient
num__last15_run_detail_mean_distance,0.8972097675679805,0.8972097675679805
cat__subbed_False,-0.8712527174596442,0.8712527174596442
cat__position_G,-0.792625984965163,0.792625984965163
num__cumul_under_pressure_unique_pressers,0.7859258871543964,0.7859258871543964
cat__formation_3-4-3,-0.7169335292338747,0.7169335292338747
num__cumul_under_pressure_turnover_count,0.6317775469643024,0.6317775469643024
num__cumul_under_pressure_forward_count,-0.630124348667661,0.630124348667661
num__cumul_applied_pressure_top_share_per15,-0.6293754256922005,0.6293754256922005
cat__formation_4-1-3-2,-0.6202311911433458,0.6202311911433458
num__cumul_pass_no_target_rate_per15,0.5894174568819652,0.5894174568819652
num__cumul_under_pressure_top_share,-0.5840941743370447,0.5840941743370447
num__cumul_pass_no_target_count,-0.5839796715405254,0.5839796715405254
num__cumul_run_detail_top_sprint_count,-0.5616064146174081,0.5616064146174081
num__cumul_shot_context_set_piece_count,0.5506695929666865,0.5506695929666865
num__cumul_applied_pressure_count,-0.5499164482298515,0.5499164482298515
num__cumul_shot_context_blocked_share,-0.522823093399612,0.522823093399612
num__cumul_under_pressure_top_share_per15,0.5164014714538359,0.5164014714538359
cat__formation_4-1-4-1,0.5156944776509336,0.5156944776509336
cat__formation_4-2-4,-0.5154095850356294,0.5154095850356294
num__cumul_run_detail_sprint_distance,-0.49813004366514285,0.49813004366514285
num__cumul_pass_bottom_count_per15,-0.47898886397454776,0.47898886397454776
num__cumul_applied_pressure_allowed_forward_count,0.4785483262153193,0.4785483262153193
num__cumul_run_detail_top_count_per15,0.47762877194977926,0.47762877194977926
num__cumul_pass_top_count,-0.47535086473705523,0.47535086473705523
num__cumul_peak_speed,0.450914658883682,0.450914658883682
num__cumul_under_pressure_backward_count_per15,-0.4325843226071906,0.4325843226071906
cat__formation_4-2-3-1,0.430246704971007,0.430246704971007
num__cumul_run_detail_unique_possessions_per15,0.4248364789523991,0.4248364789523991
num__remaining_minutes,0.4212707483367878,0.4212707483367878
num__remaining_windows_15,0.42127074833678674,0.42127074833678674
cat__is_home_True,-0.41274135040814863,0.41274135040814863
num__last15_run_detail_sprint_distance,-0.4116955359208133,0.4116955359208133
num__cumul_pass_unique_receivers,-0.40840320762316945,0.40840320762316945
num__cumul_pass_no_target_count_per15,-0.40473481972509945,0.40473481972509945
num__last15_run_detail_mean_hsr_speed,0.3928770822797476,0.3928770822797476
num__cumul_applied_pressure_induced_turnover_count_per15,0.39029127839369326,0.39029127839369326
num__minute_out,0.3889802266073741,0.3889802266073741
num__cumul_pass_top_share_per15,-0.3878141797126545,0.3878141797126545
num__last15_run_detail_top_count,-0.381821448246864,0.381821448246864
cat__position_A,0.3768972427430279,0.3768972427430279
num__cumul_pass_unique_receivers_per15,0.3742311026057813,0.3742311026057813
num__cumul_shot_context_set_piece_count_per15,-0.36743350976622047,0.36743350976622047
num__cumul_applied_pressure_allowed_forward_count_per15,0.36574951800299754,0.36574951800299754
num__cumul_hsr_per15,-0.3623107482553757,0.3623107482553757
num__cumul_applied_pressure_top_share,0.36115671140407035,0.36115671140407035
num__cumul_pass_top_count_per15,0.3520261838201439,0.3520261838201439
num__last15_run_detail_mean_sprint_speed,0.3429679061799114,0.3429679061799114
num__last15_under_pressure_mean_abs_angle,0.34188007397160747,0.34188007397160747
num__cumul_under_pressure_backward_share,0.3415744597652522,0.3415744597652522
num__cumul_shot_context_counter_count,-0.33627741785595344,0.33627741785595344
num__cumul_pass_accurate_count,0.334517001222448,0.334517001222448
num__trend_hsr_vs_cumul_rate,0.3343774900670787,0.3343774900670787
num__cumul_pass_accuracy_per15,0.3329691747520779,0.3329691747520779
num__cumul_mean_max_speed,-0.3276337003609858,0.3276337003609858
num__cumul_under_pressure_mean_abs_angle_per15,-0.31958346603993376,0.31958346603993376
num__minutes_played_before_checkpoint,-0.3143885626835602,0.3143885626835602
num__cumul_run_detail_unique_possessions,0.3118274432372934,0.3118274432372934
num__cumul_run_detail_mean_distance_per15,-0.3117811660189346,0.3117811660189346
num__cumul_run_detail_mean_hsr_speed,-0.3057559461906789,0.3057559461906789
num__last15_shot_context_blocked_count,0.3029607463811175,0.3029607463811175
num__cumul_under_pressure_mean_abs_angle,-0.3025057590657979,0.3025057590657979
num__cumul_shot_context_counter_share_per15,-0.2995323215229664,0.2995323215229664
num__cumul_under_pressure_accuracy_per15,-0.29816764349522534,0.29816764349522534
num__cumul_run_detail_top_count,0.2771590230894448,0.2771590230894448
num__cumul_under_pressure_accuracy,0.27589340780555316,0.27589340780555316
num__cumul_shot_context_under_pressure_count_per15,0.27551284419083233,0.27551284419083233
num__cumul_applied_pressure_induced_turnover_rate,0.27314456769734036,0.27314456769734036
cat__checkpoint_H2_15,-0.2730301073974487,0.2730301073974487
num__cumul_shot_context_counter_count_per15,0.2664866024179368,0.2664866024179368
cat__formation_4-4-2,0.2650612723896513,0.2650612723896513
num__last15_applied_pressure_allowed_forward_rate,-0.259551874753263,0.259551874753263
num__cumul_under_pressure_top_count_per15,0.258547354269482,0.258547354269482
num__trend_pass_vs_cumul_rate,0.2560880379166813,0.2560880379166813
num__cumul_shot_context_header_share,0.25443958193318744,0.25443958193318744
cat__checkpoint_H1_30,-0.2536645475702943,0.2536645475702943
num__last15_shot_context_header_share,-0.24904708369897047,0.24904708369897047
num__cumul_run_detail_mean_sprint_speed,-0.2481189042762762,0.2481189042762762
num__cumul_run_detail_mean_hsr_speed_per15,-0.24474708850744323,0.24474708850744323
num__cumul_pass_bottom_count,0.24111211405768623,0.24111211405768623
num__cumul_under_pressure_carry_count_per15,-0.24090391755945248,0.24090391755945248
num__cumul_shots_on_target,-0.23740084585512441,0.23740084585512441
cat__is_home_False,-0.23430217037854562,0.23430217037854562
num__last15_shot_context_counter_count,0.2341687001359371,0.2341687001359371
num__cumul_under_pressure_turnover_rate_per15,-0.23400409247044435,0.23400409247044435
num__cumul_under_pressure_accurate_count,-0.23364158271375843,0.23364158271375843
num__last15_mean_max_speed,0.22809250574082857,0.22809250574082857
cat__subbed_True,0.22420919667298334,0.22420919667298334
num__last15_shot_context_unique_possessions,0.2235596838818899,0.2235596838818899
num__cumul_pass_accurate_count_per15,-0.22017231868445233,0.22017231868445233
num__cumul_run_detail_count_per15,0.21944725575438692,0.21944725575438692
num__cumul_applied_pressure_count_per15,-0.2176881854718147,0.2176881854718147
num__last15_under_pressure_turnover_count,-0.21710848427868107,0.21710848427868107
num__last15_shots_top_third,0.21497408679440663,0.21497408679440663
num__cumul_distance,-0.2137506066617117,0.2137506066617117
num__cumul_applied_pressure_induced_turnover_rate_per15,-0.21180016460389722,0.21180016460389722
num__cumul_hsr,0.21135498952314574,0.21135498952314574
num__cumul_pass_top_share,0.21006555240399702,0.21006555240399702
num__cumul_applied_pressure_top_count,-0.2086155581198476,0.2086155581198476
num__cumul_pass_count_per15,-0.20843914837594404,0.20843914837594404
num__last15_pass_top_share,0.20688523584569513,0.20688523584569513
num__trend_distance_vs_cumul_rate,-0.2058713639321341,0.2058713639321341
num__cumul_under_pressure_backward_count,-0.20360613654505919,0.20360613654505919
num__cumul_shot_context_counter_share,-0.20160048149159165,0.20160048149159165
num__last15_under_pressure_forward_share,-0.19119355119685008,0.19119355119685008
num__last15_under_pressure_forward_count,0.18979481227539552,0.18979481227539552
num__cumul_run_detail_mean_distance,0.18897254585118142,0.18897254585118142
num__cumul_applied_pressure_induced_turnover_count,0.1886764464591176,0.1886764464591176
num__cumul_run_detail_sprint_distance_per15,0.18772393120702335,0.18772393120702335
num__last15_shot_context_counter_share,0.1876274642708347,0.1876274642708347
num__last15_run_detail_top_sprint_count,0.18325803778002267,0.18325803778002267
num__cumul_applied_pressure_allowed_forward_rate,0.1824600422957919,0.1824600422957919
num__last15_shot_context_set_piece_count,-0.18212845945551664,0.18212845945551664
num__cumul_shot_context_regular_count,-0.18009380992406734,0.18009380992406734
num__cumul_shot_context_header_count,-0.179889590067711,0.179889590067711
num__cumul_shot_context_blocked_count,0.17594140278068343,0.17594140278068343
num__trend_applied_pressure_turnovers,-0.17540761600215993,0.17540761600215993
num__cumul_under_pressure_lateral_count_per15,0.1718433842877323,0.1718433842877323
num__cumul_shot_context_right_foot_count,0.16996166463636636,0.16996166463636636
cat__position_D,-0.16715990507959783,0.16715990507959783
num__last15_run_detail_unique_possessions,-0.1637816642560791,0.1637816642560791
num__cumul_run_detail_mean_sprint_speed_per15,-0.1625084721954819,0.1625084721954819
num__cumul_under_pressure_turnover_count_per15,0.15982035012133003,0.15982035012133003
num__cumul_pass_middle_count,0.15718242826228698,0.15718242826228698
num__last15_applied_pressure_top_share,0.14972668975674405,0.14972668975674405
num__cumul_shot_context_right_foot_count_per15,-0.14866746180561283,0.14866746180561283
num__last15_hsr,-0.14347158534552198,0.14347158534552198
num__last15_run_detail_count,-0.14311486683476457,0.14311486683476457
num__cumul_run_detail_count,0.14018531730757813,0.14018531730757813
num__minute_in,0.13900143622114736,0.13900143622114736
num__last15_run_detail_hsr_distance,0.13795024657897448,0.13795024657897448
num__cumul_under_pressure_lateral_count,-0.13720654225537782,0.13720654225537782
num__last15_pass_middle_count,0.1367387952129445,0.1367387952129445
num__cumul_under_pressure_count_per15,-0.13216577166437657,0.13216577166437657
num__cumul_shot_context_unique_possessions_per15,0.13177568776975115,0.13177568776975115
num__cumul_shots_top_third,0.13082170860252448,0.13082170860252448
num__cumul_under_pressure_forward_share,0.13046943518234816,0.13046943518234816
num__last15_pass_no_target_count,-0.12854733398618928,0.12854733398618928
num__last15_shot_context_header_count,0.1274394676057414,0.1274394676057414
num__cumul_sprints,-0.12715728737529378,0.12715728737529378
num__last15_under_pressure_accuracy,-0.12690634162058473,0.12690634162058473
num__cumul_shot_context_unique_possessions,0.12175626514838868,0.12175626514838868
num__cumul_under_pressure_carry_count,0.12150200189106157,0.12150200189106157
num__cumul_applied_pressure_unique_pressed_players_per15,0.12054465522190572,0.12054465522190572
num__cumul_under_pressure_forward_share_per15,0.11571272920678317,0.11571272920678317
num__cumul_under_pressure_accurate_count_per15,-0.11186137378984329,0.11186137378984329
num__cumul_shot_context_penalty_count,-0.1111264951347276,0.1111264951347276
num__cumul_shot_context_penalty_count_per15,-0.10843169371250959,0.10843169371250959
num__last15_applied_pressure_unique_pressed_players,-0.10817093129782093,0.10817093129782093
cat__checkpoint_H2_30,-0.10656241303979544,0.10656241303979544
num__cumul_shot_context_left_foot_count,-0.10397553264444725,0.10397553264444725
num__last15_shot_context_left_foot_count,-0.1025115340042905,0.1025115340042905
num__last15_pass_no_target_rate,0.1023760767415126,0.1023760767415126
num__last15_shot_context_under_pressure_count,-0.10198065327238609,0.10198065327238609
num__cumul_applied_pressure_top_count_per15,-0.10108692922307334,0.10108692922307334
num__cumul_shot_context_count_per15,-0.09776832189477729,0.09776832189477729
num__cumul_run_detail_top_share,-0.09750365913440669,0.09750365913440669
num__last15_pass_bottom_count,-0.09640939172291826,0.09640939172291826
num__last15_sprints,-0.09502489832008718,0.09502489832008718
num__cumul_shot_context_header_share_per15,0.09476992282899896,0.09476992282899896
num__last15_under_pressure_lateral_count,-0.09454855135808529,0.09454855135808529
num__cumul_run_detail_hsr_distance,-0.09422719314621486,0.09422719314621486
num__last15_applied_pressure_allowed_forward_count,-0.09185971147819447,0.09185971147819447
cat__formation_4-3-3,0.09162297356320603,0.09162297356320603
num__cumul_shots_per15,-0.091447274950154,0.091447274950154
num__last15_peak_speed,0.09034960198850227,0.09034960198850227
num__cumul_applied_pressure_unique_pressed_players,-0.0900568880155764,0.0900568880155764
num__cumul_shot_context_blocked_share_per15,-0.0887935204773639,0.0887935204773639
num__cumul_shot_context_under_pressure_count,-0.08150271027584216,0.08150271027584216
num__last15_shots_under_press,-0.08129109907648659,0.08129109907648659
cat__formation_5-2-3,-0.07825344798342113,0.07825344798342113
num__cumul_run_detail_top_share_per15,-0.07817575004314126,0.07817575004314126
num__last15_applied_pressure_induced_turnover_rate,0.07380004373959906,0.07380004373959906
num__trend_turnover_under_pressure,0.07296138352348608,0.07296138352348608
num__last15_under_pressure_unique_pressers,-0.07270955266583609,0.07270955266583609
num__last15_pass_top_count,-0.07017182364191721,0.07017182364191721
num__cumul_shots_under_press,-0.06860988513080515,0.06860988513080515
num__cumul_under_pressure_unique_pressers_per15,-0.06737271976467545,0.06737271976467545
num__last15_shot_context_count,-0.06666471200137655,0.06666471200137655
cat__position_M,-0.06415487348496664,0.06415487348496664
num__last15_shot_context_right_foot_count,-0.06370623739405941,0.06370623739405941
num__cumul_run_detail_sprint_share,-0.06347652538632917,0.06347652538632917
num__last15_under_pressure_top_share,-0.0634138070550667,0.0634138070550667
num__last15_pass_count,-0.06098778463340584,0.06098778463340584
num__cumul_pass_accuracy,0.06019898779248586,0.06019898779248586
num__cumul_under_pressure_turnover_rate,-0.05843829054245687,0.05843829054245687
num__cumul_run_detail_sprint_share_per15,0.05800432362410927,0.05800432362410927
num__last15_run_detail_sprint_share,-0.05639779409003908,0.05639779409003908
num__trend_top_pass_share,0.055482622297496266,0.055482622297496266
num__cumul_run_detail_hsr_distance_per15,-0.05526589268169331,0.05526589268169331
cat__checkpoint_H1_45,-0.050999669609474614,0.050999669609474614
num__last15_shots,-0.04827653609844991,0.04827653609844991
num__last15_under_pressure_carry_count,0.045971803542333135,0.045971803542333135
num__last15_under_pressure_top_count,-0.045029559966130915,0.045029559966130915
num__last15_shot_context_regular_count,-0.04440495120617588,0.04440495120617588
num__cumul_run_detail_top_sprint_count_per15,-0.04374409133656073,0.04374409133656073
num__cumul_under_pressure_forward_count_per15,-0.043559827648643815,0.043559827648643815
num__last15_under_pressure_backward_count,0.043164258441120915,0.043164258441120915
num__cumul_shot_context_blocked_count_per15,-0.04279941433080096,0.04279941433080096
num__last15_under_pressure_count,-0.04151235973913026,0.04151235973913026
num__cumul_shot_context_left_foot_count_per15,0.041399333548146816,0.041399333548146816
num__last15_distance,-0.041030132172056616,0.041030132172056616
num__last15_shot_context_penalty_count,-0.03980353287107972,0.03980353287107972
num__last15_under_pressure_accurate_count,0.039318286845479215,0.039318286845479215
num__cumul_shot_context_header_count_per15,-0.03924415570131023,0.03924415570131023
num__last15_pass_accuracy,-0.03793443650571347,0.03793443650571347
cat__checkpoint_H1_15,0.037213216830320285,0.037213216830320285
num__cumul_under_pressure_count,0.03459082041464781,0.03459082041464781
num__trend_shots_vs_cumul_rate,0.03389023619911658,0.03389023619911658
num__cumul_shots_on_target_per15,-0.030279105368385167,0.030279105368385167
num__last15_run_detail_top_share,0.03025229623727985,0.03025229623727985
num__cumul_applied_pressure_allowed_forward_rate_per15,0.02910933689310901,0.02910933689310901
num__cumul_shot_context_regular_count_per15,-0.02859207774908367,0.02859207774908367
num__last15_shot_context_blocked_share,0.026245845821168633,0.026245845821168633
num__last15_applied_pressure_induced_turnover_count,0.025568990190684444,0.025568990190684444
num__cumul_pass_middle_count_per15,-0.022917956917032682,0.022917956917032682
num__cumul_distance_per15,0.022876526512446746,0.022876526512446746
num__last15_applied_pressure_top_count,0.020099727732935706,0.020099727732935706
num__last15_under_pressure_backward_share,0.01997484917184084,0.01997484917184084
cat__formation_5-4-1,-0.018841195965217803,0.018841195965217803
num__last15_pass_accurate_count,0.015690183219686068,0.015690183219686068
num__cumul_pass_no_target_rate,-0.015675281326050502,0.015675281326050502
num__last15_under_pressure_turnover_rate,0.01108589004490025,0.01108589004490025
num__cumul_shots,0.01012048392714662,0.01012048392714662
num__last15_pass_unique_receivers,-0.008835059566933718,0.008835059566933718
num__cumul_pass_count,0.00588846234626096,0.00588846234626096
num__last15_shots_on_target,0.004676373906296208,0.004676373906296208
num__last15_applied_pressure_count,-0.003418372877275984,0.003418372877275984
num__cumul_under_pressure_top_count,-0.0016086780346237443,0.0016086780346237443
num__cumul_shot_context_count,-0.0014194181622424157,0.0014194181622424157
num__cumul_under_pressure_backward_share_per15,0.0008255290147631659,0.0008255290147631659
