feature,missing_rate,corr_with_target,univariate_auc,mean_positive,mean_negative
cumul_pass_bottom_count,0.0,-0.1185208540019096,0.707442649591431,2.740506329113924,6.685102947113443
cumul_pass_bottom_count_per15,0.0,-0.1208839686893027,0.691041122632012,1.11872705353718,2.391324582713847
cumul_run_detail_top_share_per15,0.0,0.07587815632442178,0.6554606174271653,0.2735609212388788,0.15717568994312633
last15_pass_bottom_count,0.0,-0.09825685751339834,0.6539760735475233,1.0886075949367089,2.185304804198627
cumul_applied_pressure_unique_pressed_players_per15,0.0,0.10069388229525592,0.6458404664687275,1.9383884048441014,1.4373567122932491
cumul_pass_count,0.0,-0.09438943857282,0.643818062887425,13.955696202531646,20.969721437222447
cumul_run_detail_unique_possessions_per15,0.0,0.08121821152171634,0.638121349325184,1.3589991232396297,1.0000359245298132
cumul_pass_accurate_count,0.0,-0.08586968589811989,0.638098352948391,12.044303797468354,17.56519983851433
cumul_applied_pressure_allowed_forward_rate_per15,0.0,0.06103506964420027,0.6341902464700561,0.13593054971489446,0.07789765622587486
cumul_applied_pressure_allowed_forward_count_per15,0.0,0.11975900889517431,0.6334454193772581,0.9944092827004218,0.5724010541142396
cumul_under_pressure_unique_pressers_per15,0.0,0.09993789137547748,0.6292421927300789,1.9057249712313005,1.4381619157700438
cumul_pass_unique_receivers,0.0,-0.10403751430947945,0.6286276784391082,6.443037974683544,8.274929350020185
cumul_run_detail_mean_hsr_speed_per15,0.0,0.05511728387872799,0.6237026210759238,4.4291879169404496,3.4741980546340634
cumul_applied_pressure_count_per15,0.0,0.09273574824935539,0.6197293581966752,4.095858677187791,3.1138739251108496
cumul_run_detail_mean_sprint_speed_per15,0.0,0.07457448612911974,0.6195415544528651,4.620840470482402,3.42187692086336
cumul_run_detail_top_share,0.0,0.10842492745778184,0.6178934807826945,0.34808484687440866,0.2585974455107718
cumul_applied_pressure_induced_turnover_count_per15,0.0,0.10949098553045992,0.6157854795766623,1.68618828428955,1.1986203272307567
cumul_applied_pressure_allowed_forward_rate,0.0,0.0946217977239017,0.6150010476127206,0.203526123603376,0.1376029049992895
cumul_pass_count_per15,0.0,-0.07284610005561253,0.6130361349734008,6.058253876924763,7.555497060681069
minutes_played_before_checkpoint,0.0,-0.0943973038499303,0.6124803892009015,32.860759493670884,41.34315704481227
last15_run_detail_top_share,0.0,0.09507165239532404,0.6109536852971388,0.3461846532304462,0.25274550716543703
remaining_minutes,0.0,0.08981724492498373,0.6105576365857024,46.050632911392405,37.84537747274929
remaining_windows_15,0.0,0.08981724492498368,0.6105576365857024,3.070042194092827,2.523025164849953
cumul_run_detail_mean_distance_per15,0.0,0.04120970076068304,0.6104413771252485,38.38358805063025,26.081393939752783
cumul_pass_accuracy_per15,0.0,0.06559709500351765,0.6091650782132326,0.5590805328284236,0.42797071767826894
cumul_run_detail_top_count_per15,0.0,0.10964889598851449,0.6067785653327065,3.7082867554386545,2.576382747359011
cumul_applied_pressure_induced_turnover_rate_per15,0.0,0.0716743973884533,0.6060196848985349,0.26239568284160614,0.186185766871095
cumul_pass_accurate_count_per15,0.0,-0.06206721237594301,0.6041544232253184,5.182681242807824,6.306198849020689
last15_applied_pressure_count,0.0,0.08086688096881499,0.6039896158583015,3.7278481012658227,2.7989503431570446
last15_applied_pressure_induced_turnover_count,0.0,0.08688471455023646,0.6013348119151893,1.5632911392405062,1.0896245458215583
cumul_applied_pressure_allowed_forward_count,0.0,0.06993934294543584,0.6000022996376793,2.0632911392405062,1.4715381509890997
cumul_under_pressure_turnover_count_per15,0.0,0.1158983528437341,0.5978048680774517,1.7511849964381607,1.2081953709115394
cumul_under_pressure_turnover_rate_per15,0.0,0.06981746115685172,0.596244947184988,0.27545215217724983,0.18535910828003443
cumul_pass_top_share_per15,0.0,0.08132865257328588,0.5951666726286903,0.210877263377583,0.11660638486042546
last15_applied_pressure_unique_pressed_players,0.0,0.07238445748397734,0.5948613318479378,2.240506329113924,1.7904723455793299
last15_run_detail_top_count,0.0,0.07776308767801918,0.5938660997633929,3.240506329113924,2.4045215987081145
cumul_run_detail_sprint_share_per15,0.0,0.044296264179048174,0.5937983882095021,0.1266949315208913,0.09395875052822708
last15_under_pressure_unique_pressers,0.0,0.07547118285846881,0.5884734494054159,2.2278481012658227,1.7932983447719015
cumul_under_pressure_turnover_rate,0.0,0.06688525905015001,0.5871192183276013,0.43051950254979315,0.3556726567523302
last15_under_pressure_turnover_count,0.0,0.08498218072183357,0.5848809043197416,1.5569620253164558,1.0867985466289867
cumul_under_pressure_forward_count,0.0,-0.06933860909456031,0.5837080891032946,1.1012658227848102,1.6342349616471539
cumul_pass_middle_count,0.0,-0.05610416501548879,0.5809894063357574,7.715189873417722,10.263221639079532
cumul_applied_pressure_top_share,0.0,-0.06700700422908484,0.5800631633815916,0.22474266136775445,0.30719573301487424
cumul_pass_top_share,0.0,0.09207200027412396,0.5800337791223561,0.3025586597209911,0.21298960539120748
cumul_under_pressure_top_share_per15,0.0,0.07936759746170004,0.5792697883822304,0.2318039779927067,0.12962396466122092
cumul_under_pressure_forward_share,0.0,-0.04925402749510183,0.5790679312970467,0.14489144510705113,0.19014905441653313
last15_applied_pressure_allowed_forward_count,0.0,0.08666444062105245,0.5777954651144964,0.8354430379746836,0.511102139685103
last15_pass_top_share,0.0,0.08599819876790324,0.5770557483276525,0.3159327626332466,0.21559682182260095
cumul_run_detail_count_per15,0.0,0.07051740941262395,0.5759583101240271,9.757088059619706,8.45151316692605
last15_pass_count,0.0,-0.048975280370025596,0.5758944312996019,6.044303797468355,7.135244247073072
cumul_distance_per15,0.0,0.00804347854093584,0.5752671412437462,489.23458934736146,452.43252684558877
last15_applied_pressure_induced_turnover_rate,0.0,0.05543668922718082,0.5745555311396493,0.4079384574637739,0.32647398279090656
last15_under_pressure_count,0.0,0.052729972088443225,0.5734031571470184,3.392405063291139,2.8219620508679855
cumul_hsr_per15,0.0,0.0657936794246873,0.5730275496593982,7.834270370979234,6.859001181971567
last15_under_pressure_top_count,0.0,0.06843624847871504,0.5718700653608131,1.3354430379746836,0.9079531691562374
cumul_under_pressure_top_count_per15,0.0,0.08893732145097516,0.5715826106508997,1.4273521836812975,0.9461260091825692
last15_distance,0.0,-0.00018781359593724183,0.5714637960374689,451.9565189873418,452.83578522406145
last15_under_pressure_turnover_rate,0.0,0.05565737495504494,0.5712427753049576,0.3947093869562223,0.31457579074478076
last15_pass_accurate_count,0.0,-0.041472907193115964,0.5698655478503498,5.1455696202531644,5.954784012918854
last15_run_detail_hsr_distance,0.0,0.00733078191914968,0.5694286166912813,357.0658102486851,332.0127081160912
last15_run_detail_top_sprint_count,0.0,0.049587379778528416,0.5690325679798449,0.6455696202531646,0.47476786435203877
cumul_run_detail_top_sprint_count_per15,0.0,0.06773748375642293,0.5677371054205016,0.7317277659049811,0.5124874489629305
cumul_under_pressure_accuracy,0.0,-0.043967454191819536,0.5675058640760823,0.48133747523617315,0.5355073371998931
cumul_run_detail_hsr_distance_per15,0.0,0.01166841514867795,0.5674713695108926,371.278299131997,332.6955518895695
last15_under_pressure_top_share,0.0,0.05779839671767531,0.5659919359372045,0.32173909072643253,0.24087518179072243
cumul_under_pressure_top_share,0.0,0.06625217136891466,0.5632809186285983,0.3172095261329365,0.2424759117212272
cumul_run_detail_sprint_distance_per15,0.0,-0.0011626603289751067,0.5626446855373232,117.95654295102462,119.73699498762477
last15_run_detail_mean_sprint_speed,0.0,0.05987523128314099,0.5620173954814675,6.451480861965041,5.545224171905339
last15_applied_pressure_allowed_forward_rate,0.0,0.03719465546274037,0.561577909169422,0.16882293163938733,0.13275884282093417
cumul_under_pressure_accurate_count,0.0,-0.04835670792954289,0.5604932467306818,4.082278481012659,5.014533710133225
cumul_under_pressure_forward_count_per15,0.0,-0.04069560758179743,0.5597714160146767,0.48572113540467965,0.6062648212656774
last15_pass_unique_receivers,0.0,-0.04856217232967347,0.5582817618290807,4.025316455696203,4.554299555914413
cumul_applied_pressure_unique_pressed_players,0.0,0.03834827080161893,0.5580288016843568,3.721518987341772,3.350827614049253
cumul_applied_pressure_top_count,0.0,-0.05782097672535491,0.557775841539633,1.9050632911392404,2.6729915220024223
last15_hsr,0.0,0.04787494039226491,0.5545563487886019,7.234177215189874,6.466289866774324
last15_run_detail_count,0.0,0.04575829880707132,0.5539162829678612,8.89873417721519,7.979814291481631
cumul_under_pressure_count_per15,0.0,0.05113803103938028,0.5533017686768907,3.6561112937695213,3.1713650875782893
cumul_under_pressure_forward_share_per15,0.0,-0.015215076336487323,0.5530794703678908,0.08214792919161594,0.09511724574509958
last15_run_detail_unique_possessions,0.0,0.06748385834694537,0.5519948079291507,1.860759493670886,1.6931772305207913
last15_peak_speed,0.0,0.06910522215725,0.5519334842577025,7.886075949367087,7.251134436818733
cumul_applied_pressure_induced_turnover_rate,0.0,0.04250898927704167,0.551496553098634,0.42473392827078604,0.37560039395161826
last15_run_detail_mean_distance,0.0,0.02395939163225651,0.5487983115549128,59.36572294210159,48.69615040101563
cumul_run_detail_mean_sprint_speed,0.0,0.038572971904271065,0.5483562700898903,7.205063752351728,6.760755033076337
last15_under_pressure_backward_count,0.0,0.032554538427705226,0.5474479132065637,0.9177215189873418,0.7642309245054502
cumul_applied_pressure_top_share_per15,0.0,-0.03253328275454216,0.5474146962178625,0.1153242419259266,0.1546233293916114
last15_run_detail_sprint_distance,0.0,-0.016089711996691472,0.5469202741168113,94.89067148044654,120.82319963377928
cumul_under_pressure_unique_pressers,0.0,0.03928345389703305,0.5453590756478591,3.7278481012658227,3.3835284618490107
cumul_under_pressure_mean_abs_angle,0.0,-0.037503883852760794,0.545199378586796,33.23565083843085,36.56696558753002
cumul_applied_pressure_induced_turnover_count,0.0,0.025271689653058888,0.5443600108338487,3.5632911392405062,3.245458215583367
cumul_applied_pressure_count,0.0,0.0143466776719868,0.5440150651819524,8.677215189873417,8.230924505450142
cumul_pass_middle_count_per15,0.0,-0.027431946542836896,0.5435972976702115,3.3228313880212617,3.7004080933292527
last15_sprints,0.0,0.025054122330427694,0.5424998594665863,1.6645569620253164,1.5135244247073072
minute_out,0.0,0.0005066297055906623,0.5416515486782193,83.36075949367088,83.33589018974565
cumul_run_detail_unique_possessions,0.0,0.06373253169244548,0.5415059049585299,1.9620253164556962,1.8413403310456198
cumul_under_pressure_backward_share_per15,0.0,0.023264243440214504,0.5412299484370129,0.14627828614897226,0.12204021469003391
last15_under_pressure_backward_share,0.0,0.03387338334017331,0.5404455164730713,0.24454971891680755,0.20442319616338234
last15_applied_pressure_top_share,0.0,-0.04723404609703524,0.5391896587848715,0.20881714979816246,0.2794880788343243
cumul_under_pressure_lateral_count,0.0,-0.03599293960024446,0.5378494810484303,0.5253164556962026,0.6935809446911586
last15_shots,0.0,0.045823399218489554,0.5370522733196037,0.24050632911392406,0.1590633831247477
last15_shot_context_count,0.0,0.04556364628613752,0.536855526540374,0.24050632911392406,0.15946709729511505
last15_shot_context_unique_possessions,0.0,0.04939417216251363,0.5367430998093856,0.21518987341772153,0.14170367379895035
cumul_run_detail_top_count,0.0,0.019287702836840573,0.5367034949382419,7.151898734177215,6.612434396447315
cumul_run_detail_top_sprint_count,0.0,0.007882300977888675,0.5361669128130702,1.3544303797468353,1.2947113443681872
last15_shots_top_third,0.0,0.045715016159358926,0.5358334653495704,0.23417721518987342,0.1542188130803391
cumul_applied_pressure_top_count_per15,0.0,-0.0368662854325874,0.5357529780307947,0.8048523206751055,0.9839066483877694
trend_pass_vs_cumul_rate,0.0,0.03556469627121067,0.5350771400683758,-0.013950079456408597,-0.42025281360799704
last15_mean_max_speed,0.0,0.06422596397434008,0.5347820198995313,6.66676582278481,6.191842551473557
trend_applied_pressure_turnovers,0.0,0.027362012989077235,0.5336654180485787,-0.016795470807012138,-0.04912641116071171
cumul_run_detail_sprint_share,0.0,0.01923723047948758,0.5327327872119704,0.18214604089391911,0.1727251887624929
last15_pass_top_count,0.0,0.02633610527408189,0.5325743677273959,1.7215189873417722,1.4759790068631409
cumul_under_pressure_turnover_count,0.0,0.046270987244997085,0.532478549490758,3.8354430379746836,3.228502220427937
last15_run_detail_sprint_share,0.0,0.02216565260007406,0.5324606634199189,0.17373801066559813,0.16071370535453722
cumul_under_pressure_top_count,0.0,0.028641402779814414,0.5321451020272584,2.962025316455696,2.5373435607589827
cumul_shot_context_unique_possessions_per15,0.0,0.048916776013759704,0.5317107260211669,0.16616526932982628,0.11265792015978564
cumul_shot_context_regular_count_per15,0.0,0.04666461315871396,0.5315625271485004,0.16532138747328623,0.10817445653808615
cumul_under_pressure_lateral_count_per15,0.0,-0.014162276075830493,0.5309927280346274,0.23150172612197928,0.2592196274321829
cumul_shot_context_right_foot_count_per15,0.0,0.05640943175241011,0.5302811179305305,0.13588004822182037,0.07624195200619667
last15_shot_context_regular_count,0.0,0.04129626185909497,0.5302734524715994,0.17088607594936708,0.10900282599919257
cumul_shots_per15,0.0,0.05008013044783059,0.5294992411195658,0.21981204449558878,0.1494041559551683
cumul_shot_context_count_per15,0.0,0.04990171125662875,0.5294724120133072,0.21981204449558878,0.14958582733183362
cumul_shot_context_right_foot_count,0.0,0.03883014394050873,0.5288578977223366,0.2848101265822785,0.2010496568429552
trend_shots_vs_cumul_rate,0.0,0.00874538857306366,0.5287518588737908,0.020694284618335255,0.009659227169579381
last15_shots_under_press,0.0,0.04081303131190216,0.5285896066597507,0.189873417721519,0.12555510698425515
last15_shot_context_right_foot_count,0.0,0.05081034964952029,0.5284388526341073,0.14556962025316456,0.08155026241421073
last15_shot_context_under_pressure_count,0.0,0.040516191836370515,0.5283915823040325,0.189873417721519,0.12595882115462254
cumul_hsr,0.0,-0.0283129424544243,0.5280389711932054,16.563291139240505,18.075090835688332
cumul_run_detail_mean_hsr_speed,0.0,0.03759299751376848,0.5254595442629151,6.3902850006398975,6.180433456172139
cumul_shot_context_regular_count,0.0,0.012194355938083585,0.5253611708733001,0.31645569620253167,0.2842147759386354
last15_under_pressure_accurate_count,0.0,0.009321933709732116,0.5249855633856798,1.7151898734177216,1.6443278159063384
cumul_under_pressure_backward_count_per15,0.0,0.015008712583516028,0.5247670978061456,0.9552591922845086,0.8940903278883284
cumul_run_detail_count,0.0,-0.028416199407898676,0.5243659387887553,20.39873417721519,22.28502220427937
cumul_pass_unique_receivers_per15,0.0,-0.017606882159770958,0.5243007823878416,3.2910269055838675,3.4393401861153006
last15_run_detail_mean_hsr_speed,0.0,0.06431649801100206,0.5241449180562441,6.406405556381031,5.942985895908835
cumul_pass_top_count,0.0,-0.020641705502535943,0.5238727942641926,3.5,3.9907145740815504
cumul_shot_context_under_pressure_count_per15,0.0,0.0507898824870111,0.5224035813024126,0.18436900652090524,0.11995865837998285
last15_under_pressure_carry_count,0.0,0.015812388815747373,0.5223064854892863,0.24050632911392406,0.20831651190956801
cumul_under_pressure_accurate_count_per15,0.0,-0.011834757591871465,0.5221531763106657,1.7945284673132775,1.8725029338659098
cumul_shots_top_third,0.0,0.014048831583124576,0.522113571439522,0.43670886075949367,0.3928138877674606
cumul_shots,0.0,0.01701343946520238,0.5217737360935799,0.45569620253164556,0.4012918853451756
cumul_shot_context_count,0.0,0.016693038941897775,0.5217609603286948,0.45569620253164556,0.4020993136859104
cumul_shot_context_unique_possessions,0.0,0.02290722176233168,0.5217073021161777,0.3227848101265823,0.2793702058942269
cumul_pass_accuracy,0.0,0.009199318826927278,0.5212882570279482,0.8166766491950638,0.8089695204935187
cumul_run_detail_sprint_distance,0.0,-0.024868868968534085,0.5199340259501336,217.89727845023415,310.96242849371
cumul_under_pressure_carry_count_per15,0.0,0.015587496413701642,0.5196925639938064,0.23244424352019288,0.20359494008056137
last15_pass_middle_count,0.0,-0.014994411068891439,0.519329732271071,3.2341772151898733,3.46225272507065
trend_top_pass_share,0.0,0.01613548484923217,0.5192632982936688,0.013374102912255527,0.0026072164313934725
last15_under_pressure_mean_abs_angle,0.0,0.01151808082819278,0.5192581879877148,29.519738431184752,28.238384146233592
last15_applied_pressure_top_count,0.0,-0.024254377880308008,0.5192339140344332,0.8037974683544303,0.9454985870004037
cumul_pass_top_count_per15,0.0,0.02062251459537058,0.5191891988573356,1.6166954353663214,1.4508195781324043
cumul_under_pressure_count,0.0,-0.012475373891342643,0.5186590046146062,8.10759493670886,8.473556721840936
last15_under_pressure_forward_share,0.0,-0.0267910226744947,0.5184635354118652,0.1281191031191031,0.1573171917875544
cumul_shot_context_set_piece_count_per15,0.0,0.013763036998342613,0.5177532028842566,0.03723628691983122,0.03015895501112438
cumul_shot_context_set_piece_count,0.0,0.024355825723363114,0.5177199858955555,0.12025316455696203,0.08760597496972143
cumul_under_pressure_backward_count,0.0,-0.019683402841792725,0.5174031469264064,2.1645569620253164,2.3811061768268065
cumul_under_pressure_mean_abs_angle_per15,0.0,0.0017586106540391686,0.5166468216452119,17.890458588820096,17.71524151973663
cumul_shots_under_press,0.0,0.015266876201328645,0.5142615863411742,0.36075949367088606,0.31853048041986276
cumul_shot_context_under_pressure_count,0.0,0.014891893900705616,0.5142488105762892,0.36075949367088606,0.3193379087605975
last15_under_pressure_forward_count,0.0,-0.0188429727448942,0.5128089818737448,0.46835443037974683,0.5353249899071457
last15_pass_accuracy,0.0,0.0006203090775096669,0.5127118860606185,0.7982650658888559,0.7975844563708409
last15_under_pressure_lateral_count,0.0,-0.00793533849003051,0.5118559098133206,0.2088607594936709,0.2272910779168349
trend_turnover_under_pressure,0.0,0.004741273294995309,0.5117140988230965,-0.035810115593570724,-0.04109686600754947
cumul_pass_no_target_count,0.0,-0.03180555740814034,0.5116003945156196,0.006329113924050633,0.04319741622930965
cumul_pass_no_target_count_per15,0.0,-0.01971811720547518,0.5115007435495162,0.006329113924050633,0.016188938231731936
cumul_pass_no_target_rate_per15,0.0,0.0001587891802077445,0.5114854126316541,0.0012658227848101266,0.0012568982462834648
cumul_pass_no_target_rate,0.0,-0.016379832408792015,0.5114854126316541,0.0012658227848101266,0.0024970204957800823
cumul_peak_speed,0.0,0.03715643467271959,0.5110152644838847,8.313670886075949,8.0253855470327
last15_shot_context_left_foot_count,0.0,0.01542629320285832,0.5109743820362526,0.0759493670886076,0.05894226887363747
last15_shots_on_target,0.0,0.017135830182205974,0.510818517704655,0.0759493670886076,0.05773112636253532
last15_shot_context_blocked_count,0.0,0.026364751611301248,0.5099318796216329,0.06962025316455696,0.04521598708114655
last15_shot_context_blocked_share,0.0,0.020280981905749618,0.5097709049840813,0.056962025316455694,0.040304131341676756
cumul_shot_context_blocked_share,0.0,-0.01688887586959198,0.5087105164986228,0.06223628691983121,0.0798748486071861
trend_hsr_vs_cumul_rate,0.0,-0.022592124473139397,0.5083195780931404,-0.6000931557893582,-0.3927113151972414
cumul_shot_context_blocked_share_per15,0.0,-0.006957111648053265,0.5082659198806232,0.02984729756881655,0.033997160755229724
cumul_shot_context_blocked_count,0.0,-0.007627188871585562,0.5077702202030836,0.10759493670886076,0.11949939442874445
cumul_shot_context_blocked_count_per15,0.0,0.0017134502536962448,0.5076424625542331,0.04742314647377938,0.04618743407680576
last15_shot_context_set_piece_count,0.0,0.01626357945724882,0.5073205132791301,0.05063291139240506,0.03714170367379895
cumul_run_detail_mean_distance,0.0,0.015344582589677719,0.5072770756785209,55.138741671618064,48.63959331671578
cumul_under_pressure_accuracy_per15,0.0,0.002222757319617154,0.5060608228614647,0.2784041252720539,0.27476538849616755
trend_distance_vs_cumul_rate,0.0,-0.026141087069015162,0.505869186388189,-37.27807036001973,0.403258378472666
cumul_under_pressure_carry_count,0.0,-0.014800772598428429,0.5055165752773619,0.4810126582278481,0.5361324182478805
cumul_distance,0.0,-0.015209339451981838,0.5041993939177138,998.971075949367,1195.8458054097698
last15_shot_context_counter_count,0.0,0.016917669813328373,0.5038416725009327,0.0189873417721519,0.011303996770286637
last15_under_pressure_accuracy,0.0,-0.002915236069572746,0.5038276191595591,0.45571255397204763,0.4603946555316809
last15_shot_context_counter_share,0.0,0.01269557636738052,0.5038225088536051,0.015822784810126583,0.010429282734490649
cumul_sprints,0.0,-0.024050918342466046,0.5031875533388184,3.8354430379746836,4.209931368591038
last15_pass_no_target_count,0.0,-0.014360683264808284,0.5030981229846231,0.006329113924050633,0.014533710133225677
last15_pass_no_target_rate,0.0,-0.010385350842721564,0.503077681760807,0.0012658227848101266,0.0025866143856922174
cumul_shot_context_counter_share,0.0,-0.011676893735133961,0.5028566610282957,0.012658227848101266,0.01876598035257704
cumul_shot_context_counter_count,0.0,-0.01026004955684815,0.5028349422279912,0.0189873417721519,0.02624142107387969
cumul_shot_context_left_foot_count,0.0,-0.015556589489726779,0.50277617370952,0.12658227848101267,0.15704481227291078
cumul_shot_context_counter_count_per15,0.0,0.020070396157638355,0.5027672306741005,0.01725437010247137,0.010135473244606685
cumul_shot_context_counter_share_per15,0.0,0.005775258576725227,0.5027570100621923,0.00968203737191079,0.008012865891882253
cumul_under_pressure_backward_share,0.0,0.00991176037520472,0.502606256036549,0.24527465419350514,0.23651296508309622
cumul_shot_context_header_share_per15,0.0,0.015813637696852834,0.5021948764072505,0.01831926863572433,0.012789388425238244
cumul_shot_context_header_count_per15,0.0,0.012418479877563716,0.5021757127599229,0.01972573839662447,0.015054673492299653
cumul_mean_max_speed,0.0,0.037245396652633746,0.5020620084524461,6.665335443037975,6.4570948728300355
minute_in,0.0,0.004738450967361234,0.502049232687561,5.449367088607595,5.147355672184093
cumul_shot_context_header_share,0.0,0.006470758133741724,0.5020249587342794,0.04008438818565401,0.03519041851702328
cumul_shot_context_penalty_count_per15,0.0,-0.01485829504898082,0.5020185708518369,0.0,0.0011169425380164178
cumul_shot_context_penalty_count,0.0,-0.015588376489954226,0.5020185708518369,0.0,0.004037141703673799
cumul_shot_context_header_count,0.0,0.00032091405261216625,0.5018857028970325,0.04430379746835443,0.04400484457004441
cumul_shots_on_target,0.0,0.004175425965944699,0.5018601513672624,0.1518987341772152,0.144529672991522
cumul_shot_context_left_foot_count_per15,0.0,0.0071314832288323984,0.501750279789251,0.06420625787714394,0.05828920183333729
last15_shot_context_penalty_count,0.0,-0.01101216393798449,0.5010092854259185,0.0,0.0020185708518368995
cumul_shots_on_target_per15,0.0,0.025054144049644112,0.500463760265327,0.07445750452079565,0.053584519536228815
last15_shot_context_header_count,0.0,2.1791394762736194e-05,0.5002044122381608,0.0189873417721519,0.018974566007266856
cumul_run_detail_hsr_distance,0.0,-0.010836256112173193,0.5001967467792297,781.0740128610297,884.8833945019928
last15_shot_context_header_share,0.0,-0.003548220820884737,0.5001648073670172,0.015822784810126583,0.017763423496164714
