feature,mean_abs_shap,association_method,target_association,abs_target_association
cumul_received_unsucc,0.43413927127184343,spearman,-0.14090778836436624,0.14090778836436624
cumul_pressured_success_rate,0.27394564505283514,spearman,-0.07950160481842046,0.07950160481842046
position,0.2061399055269447,cramers_v,0.1664200125681144,0.1664200125681144
formation,0.148576034838412,cramers_v,0.07817427971157288,0.07817427971157288
cumul_peak_speed,0.14115088225706032,spearman,0.025961762033409986,0.025961762033409986
cumul_top_hsr_share,0.1325772390085832,spearman,0.12912678799882377,0.12912678799882377
cumul_pressure_success_rate,0.10616780981735564,spearman,0.015219398657724962,0.015219398657724962
last15_mean_max_speed,0.09665302940496176,spearman,0.025812155030360495,0.025812155030360495
is_home,0.08993066317178298,spearman,-0.029950888866032185,0.029950888866032185
last_15_pressured_success_rate,0.0878796192588839,spearman,-0.007285129600167082,0.007285129600167082
cumul_bottom_sprint_share,0.08566086009981982,spearman,-0.024359952222694208,0.024359952222694208
cumul_mean_max_speed,0.08160181068571914,spearman,0.007733964686195017,0.007733964686195017
distance_per_run,0.07920921327509284,spearman,0.041007286695423334,0.041007286695423334
cumul_pressured_succ,0.07753281074575333,spearman,-0.047070621026941845,0.047070621026941845
last_15_received_unsucc,0.0752010344555149,spearman,-0.09525253201089691,0.09525253201089691
cumul_pressures_lost,0.06980632667646465,spearman,0.042821581868091596,0.042821581868091596
cumul_top_sprint_share,0.06786269089484186,spearman,0.0679305241716179,0.0679305241716179
cumul_shots_blocked,0.06686043950931589,spearman,-0.003895459153517706,0.003895459153517706
cumul_pressured_unsucc,0.06363370470578018,spearman,0.04316725005497849,0.04316725005497849
cumul_bottom_sprint_count,0.06352450217933325,spearman,-0.02762694397951831,0.02762694397951831
cumul_unique_run_possessions,0.062409909081928686,spearman,0.07672725793575004,0.07672725793575004
cumul_bottom_run_share,0.059128065292017126,spearman,-0.0721112381339868,0.0721112381339868
cumul_middle_run_share,0.05894114572007985,spearman,-0.012519635213293382,0.012519635213293382
share_of_possessions_with_top_run,0.05490225752971119,spearman,0.10151968905396308,0.10151968905396308
last_15_pressures_applied,0.05423150782484098,spearman,0.09024333258151773,0.09024333258151773
cumul_middle_hsr_count,0.05349613881707338,spearman,-0.018548719282961708,0.018548719282961708
cumul_sprints,0.051529141046360145,spearman,0.011344535233760415,0.011344535233760415
cumul_shots_under_pressure_rate,0.0480123437368852,spearman,0.06631390107538265,0.06631390107538265
top_sprint_distance,0.04741020683911065,spearman,0.07896782423357959,0.07896782423357959
top_distance_share,0.04352194610064128,spearman,0.12141474170046677,0.12141474170046677
cumul_top_run_share,0.042675799222095086,spearman,0.1277085283405066,0.1277085283405066
cumul_bottom_hsr_count,0.04265935367838044,spearman,-0.0634122901940473,0.0634122901940473
distance_per_possession,0.04226503092765392,spearman,0.05422811975693758,0.05422811975693758
cumul_in_game_time,0.04222501016909753,spearman,-0.09235043021087119,0.09235043021087119
last_15_pressures_won,0.041053353684408815,spearman,0.07376987790358126,0.07376987790358126
top_hsr_distance,0.04021462174805913,spearman,0.10066462163141411,0.10066462163141411
last_15_received_succ,0.03947634296844166,spearman,0.029771400726327113,0.029771400726327113
avg_top_sprint_distance,0.03866879075129238,spearman,0.08107328167756583,0.08107328167756583
last15_top_run_share,0.038054959167219314,spearman,0.11180342069587929,0.11180342069587929
last_15_pressure_success_rate,0.03642389833706732,spearman,0.0409316966052008,0.0409316966052008
formation_striker,0.03633126498653866,spearman,0.029037542247613086,0.029037542247613086
cumul_received_succ,0.030154019135471256,spearman,-0.033890431599447275,0.033890431599447275
formation_attackers,0.028125664081790104,spearman,-0.022850778164578384,0.022850778164578384
cumul_distance,0.026676340570869695,spearman,-0.009266195047814478,0.009266195047814478
last_15_pressured_unsucc,0.02609005593371566,spearman,0.0885405274888684,0.0885405274888684
possessions_with_2plus_runs,0.0260097238214698,spearman,0.0731832959009483,0.0731832959009483
cumul_pressures_applied,0.025307420219065253,spearman,0.03767208271503964,0.03767208271503964
last15_distance,0.024574713565594937,spearman,0.06267653589774427,0.06267653589774427
cumul_top_hsr_count,0.02440163032966852,spearman,0.059082070207070465,0.059082070207070465
formation_defenders,0.023258780684491148,spearman,0.03660220253618438,0.03660220253618438
cumul_hsr,0.022083387426905143,spearman,-0.011232263377622627,0.011232263377622627
subbed,0.020881294682859427,spearman,0.04612755731550348,0.04612755731550348
cumul_shots_special,0.02078024052977282,spearman,0.07199635395776285,0.07199635395776285
last_15_pressures_lost,0.02062568823043148,spearman,0.07585267035783509,0.07585267035783509
cumul_pressures_won,0.020085103403770253,spearman,0.020912977775769954,0.020912977775769954
top_runs_per_possession,0.0194361217593,spearman,0.10092342101591031,0.10092342101591031
last15_unique_run_possessions,0.019024764285467222,spearman,0.07293323502263671,0.07293323502263671
last15_middle_hsr_count,0.01853087332856868,spearman,0.04560903001146085,0.04560903001146085
last15_peak_speed,0.017947477255412087,spearman,0.05315565597190782,0.05315565597190782
last_15_times_pressured,0.01752439216604783,spearman,0.06755178222636898,0.06755178222636898
cumul_shots_under_press,0.01700185616039055,spearman,0.06668482260681874,0.06668482260681874
last15_bottom_hsr_count,0.016694273405632887,spearman,-0.017616535976006327,0.017616535976006327
possessions_with_sprint_and_hsr,0.015936349332994367,spearman,0.05655650919569788,0.05655650919569788
cumul_middle_sprint_count,0.01577275667473189,spearman,-0.015148996760801794,0.015148996760801794
cumul_times_pressured,0.015091912618058565,spearman,-0.006815464854516773,0.006815464854516773
sprint_distance_share,0.013775762782171382,spearman,0.034098276836002694,0.034098276836002694
formation_midfielders,0.012254310966359431,spearman,-0.01071478641747653,0.01071478641747653
last15_hsr,0.012128075163102232,spearman,0.06295068942276565,0.06295068942276565
runs_per_possession,0.011573867593081275,spearman,0.05619560286695141,0.05619560286695141
sprints_per_possession,0.010843656450863508,spearman,0.03847111102166984,0.03847111102166984
possessions_with_2plus_top_runs,0.009803046320987042,spearman,0.08596673477151905,0.08596673477151905
cumul_shots_top_third,0.009553228863824153,spearman,0.0674260493592681,0.0674260493592681
cumul_shots_on_target,0.009414247368689128,spearman,0.056256968436423894,0.056256968436423894
last15_shots,0.00906147731344993,spearman,0.06826211888106268,0.06826211888106268
cumul_shots_set_play,0.008740392458236124,spearman,0.05229342107903771,0.05229342107903771
last15_middle_sprint_count,0.008378674595783758,spearman,0.002133675146913173,0.002133675146913173
last_15_shots_under_pressure,0.008322593365510477,spearman,0.06540932695888921,0.06540932695888921
checkpoint,0.008065737467202674,cramers_v,0.06472824184208503,0.06472824184208503
top_run_repeat_possession_rate,0.007053973951481112,spearman,0.08153313508117875,0.08153313508117875
last15_sprints,0.00654901485371367,spearman,0.04587973535352065,0.04587973535352065
cumul_shots_under_pressure,0.005307243325588387,spearman,0.06757327787078647,0.06757327787078647
last15_top_sprint_share,0.005273530473153553,spearman,0.08224503847899614,0.08224503847899614
last_15_pressured_succ,0.00501467356719896,spearman,0.03031224652285218,0.03031224652285218
last15_bottom_sprint_count,0.0038745205792613513,spearman,0.006447931820926761,0.006447931820926761
last15_top_sprint_count,0.003840355292354015,spearman,0.07520850268940808,0.07520850268940808
last15_top_hsr_count,0.0035752209217364507,spearman,0.0994215421948629,0.0994215421948629
last15_shots_under_press,0.0034685725341667317,spearman,0.06443646863667551,0.06443646863667551
last_15_shots_under_pressure_rate,0.0034295676913856385,spearman,0.06500637254728896,0.06500637254728896
cumul_shots_total,0.0030006403662336564,spearman,0.06708311335956843,0.06708311335956843
last15_shots_on_target,0.0027258978117253845,spearman,0.050933761636921114,0.050933761636921114
share_of_possessions_with_sprint,0.00242193108613824,spearman,0.04285808429309431,0.04285808429309431
last15_shots_top_third,0.001981266817957687,spearman,0.06879685431016341,0.06879685431016341
cumul_top_sprint_count,0.0017445412827712553,spearman,0.04684317890318511,0.04684317890318511
cumul_shots,0.0016233968240433891,spearman,0.06597392431290118,0.06597392431290118
last_15_shots_special,0.0006720277270820048,spearman,0.042103934104761084,0.042103934104761084
last_15_shots_blocked,0.00024070832242608481,spearman,0.011148355908543194,0.011148355908543194
last_15_shots_total,0.00018862271541729677,spearman,0.06966631149948055,0.06966631149948055
last_15_shots_set_play,0.0,spearman,0.0240556807003302,0.0240556807003302
