model_name,error
catboost,"Traceback (most recent call last):
  File ""/Users/norbert.jaworski/Documents/small/WEC2026/analysis/model_comparison.py"", line 648, in run_single_model
    fitted_model, val_proba = trainer()
                              ^^^^^^^^^
  File ""/Users/norbert.jaworski/Documents/small/WEC2026/analysis/model_comparison.py"", line 623, in <lambda>
    ""catboost"": lambda: fit_catboost(x_train, y_train, x_val, categorical_cols, accelerator),
                        ^^^^^^^^^^^^^^^^^^^^^^^^^^^^^^^^^^^^^^^^^^^^^^^^^^^^^^^^^^^^^^^^^^^^
  File ""/Users/norbert.jaworski/Documents/small/WEC2026/analysis/model_comparison.py"", line 500, in fit_catboost
    model.fit(train_frame, y_train, cat_features=categorical_cols)
  File ""/Users/norbert.jaworski/Documents/small/WEC2026/.venv/lib/python3.11/site-packages/catboost/core.py"", line 5543, in fit
    params = self._get_canonized_params()
             ^^^^^^^^^^^^^^^^^^^^^^^^^^^^
  File ""/Users/norbert.jaworski/Documents/small/WEC2026/.venv/lib/python3.11/site-packages/catboost/core.py"", line 2001, in _get_canonized_params
    _process_synonyms(self._canonized_params)
  File ""/Users/norbert.jaworski/Documents/small/WEC2026/.venv/lib/python3.11/site-packages/catboost/core.py"", line 1645, in _process_synonyms
    _process_synonyms_groups(params)
  File ""/Users/norbert.jaworski/Documents/small/WEC2026/.venv/lib/python3.11/site-packages/catboost/core.py"", line 1605, in _process_synonyms_groups
    _process_synonyms_group(['od_wait', 'early_stopping_rounds'], params)
  File ""/Users/norbert.jaworski/Documents/small/WEC2026/.venv/lib/python3.11/site-packages/catboost/core.py"", line 1589, in _process_synonyms_group
    raise CatBoostError('only one of the parameters ' + (', '.join(synonyms)) + ' should be initialized.')
_catboost.CatBoostError: only one of the parameters od_wait, early_stopping_rounds should be initialized.
"
